id,scope,name,capacity,electric_flag,longitude,latitude,basin,riverbed,google,openstreetmap,wikidata,province,autonomous_community,type,crest_elevation,dam_height,report
1,guadalquivir,brena,103.0,0,,,,,,,,cordoba,andalucia,,,,
3,guadalquivir,fernandina,247.0,0,38.179645624,-3.57022439999997,guadalquivir,rio  guarrizas,,,,jaen,andalucia,presa fabrica gravedad (hormigon vibrado),719.549999999999,,https://sig.mapama.gob.es/WebServices/clientews/snczi/Default.aspx?nombre=EGISPE_PRESA&claves=ID_INFRAESTRUCTURA&valores=1572
5,guadalquivir,puebla cazalla,87.0,0,37.1297715490001,-5.24330867699996,guadalquivir,rio  corbones,,,,sevilla,andalucia,presa fabrica gravedad (hormigon compactado),218.25,,https://sig.mapama.gob.es/WebServices/clientews/snczi/Default.aspx?nombre=EGISPE_PRESA&claves=ID_INFRAESTRUCTURA&valores=1773
6,guadalquivir,pedro marin,19.0,0,,,,,,,,jaen,andalucia,,,,
9,cuenca mediterranea andaluza,vinuela,170.0,0,36.8603996900001,-4.16443532799997,cuencas mediterraneas andaluzas,rio guaro,https://www.google.com/search?kgmid=/g/120jr2sh,,https://www.wikidata.org/wiki/Q5830515,malaga,andalucia,presa materiales sueltos pantalla hormigon,426.0,,https://sig.mapama.gob.es/WebServices/clientews/snczi/Default.aspx?nombre=EGISPE_PRESA&claves=ID_INFRAESTRUCTURA&valores=1966
11,cuenca mediterranea andaluza,rules,111.0,0,36.860509918,-3.49543042599993,cuencas mediterraneas andaluzas,rio guadalfeo o rio cadiar,https://www.google.com/search?kgmid=/g/121vx8sj,,https://www.wikidata.org/wiki/Q5369455,granada,andalucia,presa fabrica arco gravedad,426.0,,https://sig.mapama.gob.es/WebServices/clientews/snczi/Default.aspx?nombre=EGISPE_PRESA&claves=ID_INFRAESTRUCTURA&valores=1952
12,guadiana,burdalo,79.0,0,,,,,,,,caceres,extremadura,,,,
14,guadiana,cabezuela,43.0,0,,,,,,,,ciudad real,castilla   mancha,,,,
18,mino   sil,castrelo mino,60.0,1,42.2925003490001,-8.11641027099995,mino sil,rio mino,,,,orense,galicia,presa fabrica gravedad (hormigon vibrado),90.0,30.0,https://sig.mapama.gob.es/WebServices/clientews/snczi/Default.aspx?nombre=EGISPE_PRESA&claves=ID_INFRAESTRUCTURA&valores=89
19,mino   sil,cenza,40.0,1,42.1958472700001,-7.24682463199997,mino sil,rio conselo ou da cenza,,,,orense,galicia,presa fabrica gravedad (hormigon compactado),1343.5,49.2299999999999,https://sig.mapama.gob.es/WebServices/clientews/snczi/Default.aspx?nombre=EGISPE_PRESA&claves=ID_INFRAESTRUCTURA&valores=97
22,mino   sil,vilasouto,21.0,0,42.660979092,-7.42345703199993,mino sil,rio mao,,,,lugo,galicia,presa fabrica gravedad (hormigon vibrado),476.0,59.0,https://sig.mapama.gob.es/WebServices/clientews/snczi/Default.aspx?nombre=EGISPE_PRESA&claves=ID_INFRAESTRUCTURA&valores=64
24,tajo,burguillo,217.0,0,40.424680815,-4.53392339099997,tajo,rio alberche,,https://www.openstreetmap.org/relation/3836574,https://www.wikidata.org/wiki/Q5830442,avila,castilla y leon,presa fabrica gravedad (hormigon vibrado),582.0,,https://sig.mapama.gob.es/WebServices/clientews/snczi/Default.aspx?nombre=EGISPE_PRESA&claves=ID_INFRAESTRUCTURA&valores=504
26,tajo,entrepenas,886.0,0,40.4930851390001,-2.75082189599993,tajo,rio tajo,https://www.google.com/search?kgmid=/g/120jr2sg,https://www.openstreetmap.org/relation/1326855,https://www.wikidata.org/wiki/Q8775330,guadalajara,castilla   mancha,presa fabrica gravedad (hormigon vibrado),905.5,,https://sig.mapama.gob.es/WebServices/clientews/snczi/Default.aspx?nombre=EGISPE_PRESA&claves=ID_INFRAESTRUCTURA&valores=752
29,tajo,valdeobispo,53.0,0,40.099036471,-6.25053019799998,tajo,rio alagon,,,,caceres,extremadura,presa fabrica gravedad (hormigon vibrado),312.0,57.0,https://sig.mapama.gob.es/WebServices/clientews/snczi/Default.aspx?nombre=EGISPE_PRESA&claves=ID_INFRAESTRUCTURA&valores=555
32,segura,talave,35.0,0,38.5085969190001,-1.86470514699994,segura,rio mundo,https://www.google.com/search?kgmid=/g/122sg9_l,,https://www.wikidata.org/wiki/Q5830460,albacete,castilla   mancha,presa fabrica mamposteria,512.399999999999,46.0,https://sig.mapama.gob.es/WebServices/clientews/snczi/Default.aspx?nombre=EGISPE_PRESA&claves=ID_INFRAESTRUCTURA&valores=2007
34,jucar,arenos,137.0,0,40.086011408,-0.548482762999924,jucar,riu mijares,,,https://www.wikidata.org/wiki/Q3376336,castellon,comunitat valenciana,presa materiales sueltos zonificada o nucleo,603.0,107.0,https://sig.mapama.gob.es/WebServices/clientews/snczi/Default.aspx?nombre=EGISPE_PRESA&claves=ID_INFRAESTRUCTURA&valores=2267
36,jucar,cortes ii,118.0,1,39.261640399,-0.918337680999969,jucar,rio jucar,https://www.google.com/search?kgmid=/g/122vx4f2,,https://www.wikidata.org/wiki/Q11681442,valencia,comunitat valenciana,presa fabrica arco gravedad,332.0,116.0,https://sig.mapama.gob.es/WebServices/clientews/snczi/Default.aspx?nombre=EGISPE_PRESA&claves=ID_INFRAESTRUCTURA&valores=2313
38,jucar,contreras,874.0,0,39.5432230330001,-1.51032713299998,jucar,rio cabriel,,,,cuenca,castilla   mancha,presa fabrica gravedad (hormigon vibrado),679.0,43.3999999999999,https://sig.mapama.gob.es/WebServices/clientews/snczi/Default.aspx?nombre=EGISPE_PRESA&claves=ID_INFRAESTRUCTURA&valores=2315
40,jucar,guadalest,13.0,0,38.679938329,-0.19178029699998,jucar,riu beniarda o guadalest,https://www.google.com/search?kgmid=/g/122vxrxt,,https://www.wikidata.org/wiki/Q3373919,alicante,comunitat valenciana,presa fabrica gravedad (hormigon vibrado),320.649999999999,,https://sig.mapama.gob.es/WebServices/clientews/snczi/Default.aspx?nombre=EGISPE_PRESA&claves=ID_INFRAESTRUCTURA&valores=2243
42,jucar,ulldecona,11.0,0,40.670915209,0.233962578000046,jucar,riu senia,,,https://www.wikidata.org/wiki/Q202052,castellon,comunitat valenciana,presa fabrica gravedad (hormigon vibrado),479.029999999999,58.6599999999999,https://sig.mapama.gob.es/WebServices/clientews/snczi/Default.aspx?nombre=EGISPE_PRESA&claves=ID_INFRAESTRUCTURA&valores=2266
44,ebro,barasona,92.0,0,42.124230776,0.311147826000024,ebro,rio esera,https://www.google.com/search?kgmid=/g/11cn63j7jr,,https://www.wikidata.org/wiki/Q24003136,huesca,aragon,presa fabrica gravedad (hormigon vibrado),448.99,65.5,https://sig.mapama.gob.es/WebServices/clientews/snczi/Default.aspx?nombre=EGISPE_PRESA&claves=ID_INFRAESTRUCTURA&valores=2434
46,ebro,calanda,54.0,0,40.9154746140001,-0.211212751999938,ebro,rio guadalope,,,,teruel,aragon,presa materiales sueltos zonificada o nucleo,443.5,63.5,https://sig.mapama.gob.es/WebServices/clientews/snczi/Default.aspx?nombre=EGISPE_PRESA&claves=ID_INFRAESTRUCTURA&valores=2800
47,ebro,cueva foradada,29.0,0,40.9872073600001,-0.692681022999977,ebro,rio martin,https://www.google.com/search?kgmid=/g/1tc_sbl8,,https://www.wikidata.org/wiki/Q85913248,teruel,aragon,presa fabrica mamposteria,581.929999999999,65.0,https://sig.mapama.gob.es/WebServices/clientews/snczi/Default.aspx?nombre=EGISPE_PRESA&claves=ID_INFRAESTRUCTURA&valores=2795
48,ebro,cavallers,16.0,1,42.58555584,0.854115437000075,ebro,noguera tor,,,,lleida,cataluna,presa fabrica contrafuertes,1783.5,70.0,https://sig.mapama.gob.es/WebServices/clientews/snczi/Default.aspx?nombre=EGISPE_PRESA&claves=ID_INFRAESTRUCTURA&valores=2593
50,ebro,puente santolea,18.0,0,,,,,,,,teruel,aragon,,,,
51,ebro,san salvador,137.0,0,,,,,,,,huesca,aragon,,,,
52,ebro,urdalur,6.0,0,42.916911187,-2.23343148499993,ebro,rio altzania,,,,navarra,comunidad foral navarra,presa fabrica gravedad (hormigon compactado),652.0,55.0,https://sig.mapama.gob.es/WebServices/clientews/snczi/Default.aspx?nombre=EGISPE_PRESA&claves=ID_INFRAESTRUCTURA&valores=2742
54,ebro,sistema lagos espot,10.0,1,,,,,,,,lleida,cataluna,,,,
55,ebro,sotonera,189.0,0,42.102575195,-0.676812114999962,ebro,arroyo aston vacas,https://www.google.com/search?kgmid=/g/11h5_w0rnw,https://www.openstreetmap.org/relation/5895940,https://www.wikidata.org/wiki/Q12221153,huesca,aragon,presa materiales sueltos homogenea,420.0,34.0,https://sig.mapama.gob.es/WebServices/clientews/snczi/Default.aspx?nombre=EGISPE_PRESA&claves=ID_INFRAESTRUCTURA&valores=2451
58,cantabrico oriental,ordunte,22.0,0,43.1604152670001,-3.28388846399997,cantabrico oriental,rio ordunte,,,,burgos,castilla y leon,presa fabrica gravedad (hormigon vibrado),310.0,55.5,https://sig.mapama.gob.es/WebServices/clientews/snczi/Default.aspx?nombre=EGISPE_PRESA&claves=ID_INFRAESTRUCTURA&valores=13
60,guadalquivir,cala,59.0,1,37.7222268940001,-6.08896625199998,guadalquivir,rivera cala,,,,sevilla,andalucia,presa fabrica gravedad (hormigon vibrado),143.8,,https://sig.mapama.gob.es/WebServices/clientews/snczi/Default.aspx?nombre=EGISPE_PRESA&claves=ID_INFRAESTRUCTURA&valores=1688
61,guadalquivir,canales,71.0,0,37.1604689060001,-3.48047606499995,guadalquivir,rio  genil,,,https://www.wikidata.org/wiki/Q1032728,granada,andalucia,presa materiales sueltos zonificada o nucleo,426.0,,https://sig.mapama.gob.es/WebServices/clientews/snczi/Default.aspx?nombre=EGISPE_PRESA&claves=ID_INFRAESTRUCTURA&valores=1520
64,guadalquivir,malpasillo jauja,6.0,0,37.2991506870001,-4.67681989599993,guadalquivir,rio  genil,,,,cordoba,andalucia,presa fabrica contrafuertes,250.0,36.0,https://sig.mapama.gob.es/WebServices/clientews/snczi/Default.aspx?nombre=EGISPE_PRESA&claves=ID_INFRAESTRUCTURA&valores=1423
65,guadalquivir,quentar,14.0,0,37.2032970490001,-3.43802682299997,guadalquivir,rio aguas blancas,,,https://www.wikidata.org/wiki/Q5369453,granada,andalucia,presa fabrica boveda,426.0,,https://sig.mapama.gob.es/WebServices/clientews/snczi/Default.aspx?nombre=EGISPE_PRESA&claves=ID_INFRAESTRUCTURA&valores=1523
69,tinto. odiel y piedras,piedras,60.0,0,37.366812629,-7.26645658799993,tinto  odiel y piedras,rio piedras,,,,huelva,andalucia,presa materiales sueltos pantalla hormigon,10.34,,https://sig.mapama.gob.es/WebServices/clientews/snczi/Default.aspx?nombre=EGISPE_PRESA&claves=ID_INFRAESTRUCTURA&valores=1296
70,tinto. odiel y piedras,sancho,58.0,0,37.4610614040001,-6.98278512099995,tinto  odiel y piedras,rivera meca,,,,huelva,andalucia,presa fabrica gravedad (hormigon vibrado),10.34,,https://sig.mapama.gob.es/WebServices/clientews/snczi/Default.aspx?nombre=EGISPE_PRESA&claves=ID_INFRAESTRUCTURA&valores=1263
71,mino   sil,chandreja,61.0,1,42.26297501,-7.38654057899993,mino sil,rio navea,,,https://www.wikidata.org/wiki/Q101897658,orense,galicia,presa fabrica contrafuertes,911.5,85.0,https://sig.mapama.gob.es/WebServices/clientews/snczi/Default.aspx?nombre=EGISPE_PRESA&claves=ID_INFRAESTRUCTURA&valores=110
72,mino   sil,frieira,44.0,1,42.1557461190001,-8.19287681099996,mino sil,rio mino,,,,orense,galicia,presa fabrica gravedad (hormigon vibrado),90.0,,https://sig.mapama.gob.es/WebServices/clientews/snczi/Default.aspx?nombre=EGISPE_PRESA&claves=ID_INFRAESTRUCTURA&valores=168
74,mino   sil,velle,17.0,1,42.357859342,-7.85142526699997,mino sil,rio mino,,,,orense,galicia,presa fabrica gravedad (hormigon vibrado),110.4,27.0,https://sig.mapama.gob.es/WebServices/clientews/snczi/Default.aspx?nombre=EGISPE_PRESA&claves=ID_INFRAESTRUCTURA&valores=122
75,duero,burgomillodo,15.0,1,41.337311189,-3.88541240699993,duero,rio duraton,https://www.google.com/search?kgmid=/g/121_4pt5,https://www.openstreetmap.org/relation/4116775,https://www.wikidata.org/wiki/Q5830416,segovia,castilla y leon,presa fabrica gravedad (hormigon vibrado),955.22,,https://sig.mapama.gob.es/WebServices/clientews/snczi/Default.aspx?nombre=EGISPE_PRESA&claves=ID_INFRAESTRUCTURA&valores=406
77,duero,cuerda pozo,249.0,0,41.875818591,-2.70401966899993,duero,rio duero,https://www.google.com/search?kgmid=/g/1226m0sv,https://www.openstreetmap.org/relation/2007522,https://www.wikidata.org/wiki/Q8775316,soria,castilla y leon,presa fabrica gravedad (hormigon vibrado),1233.0,,https://sig.mapama.gob.es/WebServices/clientews/snczi/Default.aspx?nombre=EGISPE_PRESA&claves=ID_INFRAESTRUCTURA&valores=438
78,duero,iruena,110.0,0,40.4443173830001,-6.57938884699996,duero,rio agueda,https://www.google.com/search?kgmid=/g/123608pg,,https://www.wikidata.org/wiki/Q8775343,salamanca,castilla y leon,presa fabrica arco gravedad,777.5,75.45,https://sig.mapama.gob.es/WebServices/clientews/snczi/Default.aspx?nombre=EGISPE_PRESA&claves=ID_INFRAESTRUCTURA&valores=384
80,tajo,banos montemayor,41.0,0,40.281682582,-5.89538451999994,tajo,rio banos,,,https://www.wikidata.org/wiki/Q24174597,caceres,extremadura,presa materiales sueltos zonificada o nucleo,372.5,,https://sig.mapama.gob.es/WebServices/clientews/snczi/Default.aspx?nombre=EGISPE_PRESA&claves=ID_INFRAESTRUCTURA&valores=566
89,ebro,gonzalez lacasa,33.0,0,42.1737805980001,-2.67275261299994,ebro,arroyo albercos,https://www.google.com/search?kgmid=/g/120_4jdm,,https://www.wikidata.org/wiki/Q5830377,la rioja,rioja,presa mixta,996.5,70.5,https://sig.mapama.gob.es/WebServices/clientews/snczi/Default.aspx?nombre=EGISPE_PRESA&claves=ID_INFRAESTRUCTURA&valores=2688
91,ebro,mansilla,68.0,0,42.158172941,-2.91170796899996,ebro,rio najerilla,https://www.google.com/search?kgmid=/g/120qkkhs,,https://www.wikidata.org/wiki/Q8775359,la rioja,rioja,presa fabrica gravedad (hormigon vibrado),932.0,80.0,https://sig.mapama.gob.es/WebServices/clientews/snczi/Default.aspx?nombre=EGISPE_PRESA&claves=ID_INFRAESTRUCTURA&valores=2682
92,ebro,moneva,8.0,0,,,,,,,,zaragoza,aragon,,,,
94,galicia costa,cecebre,22.0,0,,,,,,,,la coruna,galicia,,,,
95,cuencas internas cataluna,riudecanyes,5.0,0,41.133459546,0.958540952000021,cuencas internas cataluna,riera riudecanyes,,,,tarragona,cataluna,presa fabrica mamposteria,220.5,51.0,https://sig.mapama.gob.es/WebServices/clientews/snczi/Default.aspx?nombre=EGISPE_PRESA&claves=ID_INFRAESTRUCTURA&valores=2918
96,galicia costa,portodemouros,297.0,1,42.856207614,-8.19033879699998,galicia costa,rio ulla,https://www.google.com/search?kgmid=/g/122wt42q,https://www.openstreetmap.org/relation/1636984,https://www.wikidata.org/wiki/Q49691,pontevedra,galicia,presa materiales sueltos zonificada o nucleo,257.0,91.0,https://sig.mapama.gob.es/WebServices/clientews/snczi/Default.aspx?nombre=EGISPE_PRESA&claves=ID_INFRAESTRUCTURA&valores=3096
97,cuencas internas cataluna,boadella,62.0,0,,,,,,,,girona,cataluna,,,,
98,ebro,tranquera,84.0,0,41.262569371,-1.79716175699997,ebro,rio piedra,https://www.google.com/search?kgmid=/g/122v8m7x,,https://www.wikidata.org/wiki/Q5830513,zaragoza,aragon,presa fabrica gravedad (hormigon vibrado),687.5,80.5,https://sig.mapama.gob.es/WebServices/clientews/snczi/Default.aspx?nombre=EGISPE_PRESA&claves=ID_INFRAESTRUCTURA&valores=2821
100,guadalquivir,arenoso,167.0,0,38.0210076590001,-4.44123809399997,guadalquivir,rio  arenoso,,,https://www.wikidata.org/wiki/Q3376336,cordoba,andalucia,presa materiales sueltos zonificada o nucleo,215.0,77.5,https://sig.mapama.gob.es/WebServices/clientews/snczi/Default.aspx?nombre=EGISPE_PRESA&claves=ID_INFRAESTRUCTURA&valores=1463
108,guadalquivir,sierra boyera,41.0,0,38.2579828190001,-5.22281439599993,guadalquivir,rio  guadiato,,,https://www.wikidata.org/wiki/Q5369459,cordoba,andalucia,presa mixta,503.0,33.0,https://sig.mapama.gob.es/WebServices/clientews/snczi/Default.aspx?nombre=EGISPE_PRESA&claves=ID_INFRAESTRUCTURA&valores=1433
109,guadalquivir,zufre,179.0,0,,,,,,,,leon,castilla y leon,,,,
113,guadalete barbate,barbate,228.0,0,36.37044293,-5.74144173299993,guadalete y barbate,rio barbate,https://www.google.com/search?kgmid=/g/11fx7tz183,,https://www.wikidata.org/wiki/Q5369432,cadiz,andalucia,presa materiales sueltos homogenea,107.2,,https://sig.mapama.gob.es/WebServices/clientews/snczi/Default.aspx?nombre=EGISPE_PRESA&claves=ID_INFRAESTRUCTURA&valores=1334
114,guadiana,aguijon,11.0,0,38.473447859,-6.92088528799997,guadiana,rio alcarrache,,,,badajoz,extremadura,presa fabrica gravedad (hormigon vibrado),360.649999999999,,https://sig.mapama.gob.es/WebServices/clientews/snczi/Default.aspx?nombre=EGISPE_PRESA&claves=ID_INFRAESTRUCTURA&valores=972
115,guadiana,canchales,26.0,0,38.964354455,-6.52263624799997,guadiana,rio lacara,https://www.google.com/search?kgmid=/g/11b6x7ykth,https://www.openstreetmap.org/relation/2082226,https://www.wikidata.org/wiki/Q18753075,badajoz,extremadura,presa fabrica gravedad (hormigon compactado),360.649999999999,,https://sig.mapama.gob.es/WebServices/clientews/snczi/Default.aspx?nombre=EGISPE_PRESA&claves=ID_INFRAESTRUCTURA&valores=953
117,guadiana,serena,3219.0,0,38.9127291240001,-5.41330542299994,guadiana,rio zujar,https://www.google.com/search?kgmid=/g/122dlpnz,,https://www.wikidata.org/wiki/Q3373806,badajoz,extremadura,presa fabrica gravedad (hormigon vibrado),503.5,,https://sig.mapama.gob.es/WebServices/clientews/snczi/Default.aspx?nombre=EGISPE_PRESA&claves=ID_INFRAESTRUCTURA&valores=1019
119,mino   sil,albarellos,91.0,1,42.3997502070001,-8.19041297799993,mino sil,rio avia,,,,orense,galicia,presa fabrica boveda,267.0,90.0,https://sig.mapama.gob.es/WebServices/clientews/snczi/Default.aspx?nombre=EGISPE_PRESA&claves=ID_INFRAESTRUCTURA&valores=124
120,mino   sil,edrada mao,15.0,1,,,,,,,,orense,galicia,,,,
121,duero,aguilar campoo,247.0,0,42.7950910920001,-4.28734412199998,duero,rio pisuerga,,,,palencia,castilla y leon,presa fabrica gravedad (hormigon vibrado),840.0,,https://sig.mapama.gob.es/WebServices/clientews/snczi/Default.aspx?nombre=EGISPE_PRESA&claves=ID_INFRAESTRUCTURA&valores=341
122,duero,aldeadavila,115.0,1,41.211678448,-6.68578589399993,duero,rio duero,,,https://www.wikidata.org/wiki/Q43551868,salamanca,castilla y leon,presa fabrica arco gravedad,662.12,,https://sig.mapama.gob.es/WebServices/clientews/snczi/Default.aspx?nombre=EGISPE_PRESA&claves=ID_INFRAESTRUCTURA&valores=394
124,duero,camporredondo,70.0,0,42.8991049300001,-4.73748905099995,duero,rio carrion,,,,palencia,castilla y leon,presa fabrica mamposteria,840.0,,https://sig.mapama.gob.es/WebServices/clientews/snczi/Default.aspx?nombre=EGISPE_PRESA&claves=ID_INFRAESTRUCTURA&valores=343
126,duero,castro,38.0,1,39.8064449990001,-3.75294972199993,tajo,rio algodor,,,,toledo,castilla   mancha,presa fabrica gravedad (hormigon vibrado),689.879999999999,,https://sig.mapama.gob.es/WebServices/clientews/snczi/Default.aspx?nombre=EGISPE_PRESA&claves=ID_INFRAESTRUCTURA&valores=900
127,duero,linares arroyo,58.0,0,41.527351971,-3.55592977299995,duero,rio riaza,,,,segovia,castilla y leon,presa fabrica gravedad (hormigon vibrado),955.22,,https://sig.mapama.gob.es/WebServices/clientews/snczi/Default.aspx?nombre=EGISPE_PRESA&claves=ID_INFRAESTRUCTURA&valores=420
129,duero,ricobayo,1200.0,1,41.527467749,-5.98543277699997,duero,rio esla,,https://www.openstreetmap.org/relation/1232049,https://www.wikidata.org/wiki/Q23993005,zamora,castilla y leon,presa fabrica gravedad (hormigon vibrado),839.5,,https://sig.mapama.gob.es/WebServices/clientews/snczi/Default.aspx?nombre=EGISPE_PRESA&claves=ID_INFRAESTRUCTURA&valores=482
133,tajo,navacerrada,11.0,0,40.7150019000001,-4.00500334299994,tajo,rio navacerrada,,,,madrid,comunidad madrid,presa fabrica gravedad (hormigon vibrado),1088.09999999999,,https://sig.mapama.gob.es/WebServices/clientews/snczi/Default.aspx?nombre=EGISPE_PRESA&claves=ID_INFRAESTRUCTURA&valores=827
135,tajo,salor,14.0,0,39.363901431,-6.30464727599997,tajo,rio salor,https://www.google.com/search?kgmid=/g/11h70_p1q2,,https://www.wikidata.org/wiki/Q63384116,caceres,extremadura,presa fabrica gravedad (hormigon vibrado),360.649999999999,,https://sig.mapama.gob.es/WebServices/clientews/snczi/Default.aspx?nombre=EGISPE_PRESA&claves=ID_INFRAESTRUCTURA&valores=608
137,segura,anchuricas,8.0,1,,,,,,,,jaen,andalucia,,,,
138,segura,pedrera,246.0,0,38.032750505,-0.875543668999967,segura,arroyo grande,,,,alicante,comunitat valenciana,presa materiales sueltos homogenea,110.54,65.54,https://sig.mapama.gob.es/WebServices/clientews/snczi/Default.aspx?nombre=EGISPE_PRESA&claves=ID_INFRAESTRUCTURA&valores=2022
141,jucar,regajo,6.0,0,39.8898591060001,-0.524556912999969,jucar,riu palancia,,,,castellon,comunitat valenciana,presa fabrica gravedad (hormigon vibrado),406.529999999999,27.53,https://sig.mapama.gob.es/WebServices/clientews/snczi/Default.aspx?nombre=EGISPE_PRESA&claves=ID_INFRAESTRUCTURA&valores=2260
142,ebro,camarasa,163.0,1,41.9079463640001,0.88683086900005,ebro,noguera pallaresa,,,,lleida,cataluna,presa fabrica gravedad (hormigon vibrado),337.17,103.0,https://sig.mapama.gob.es/WebServices/clientews/snczi/Default.aspx?nombre=EGISPE_PRESA&claves=ID_INFRAESTRUCTURA&valores=2555
143,ebro,ebro,541.0,0,42.969946861,-4.05169448199996,ebro,rio ebro,https://www.google.com/search?kgmid=/g/1213trv6,https://www.openstreetmap.org/relation/1843373,https://www.wikidata.org/wiki/Q8775418,cantabria,cantabria,presa fabrica mamposteria,840.0,34.14,https://sig.mapama.gob.es/WebServices/clientews/snczi/Default.aspx?nombre=EGISPE_PRESA&claves=ID_INFRAESTRUCTURA&valores=2756
144,ebro,fitas,9.0,0,,,,,,,,huesca,aragon,,,,
145,ebro,sallente,6.0,1,42.5003709690001,0.991459934000034,ebro,barranc lora,,,,lleida,cataluna,presa materiales sueltos pantalla asfaltica,1770.0,89.0,https://sig.mapama.gob.es/WebServices/clientews/snczi/Default.aspx?nombre=EGISPE_PRESA&claves=ID_INFRAESTRUCTURA&valores=2580
148,ebro,sistema capdella,50.0,1,,,,,,,,lleida,cataluna,,,,
149,ebro,ullivarri,147.0,1,42.9292733350001,-2.61677326299997,ebro,zadorra ibaia,,,,alava,pais vasco,presa fabrica contrafuertes,548.0,37.0,https://sig.mapama.gob.es/WebServices/clientews/snczi/Default.aspx?nombre=EGISPE_PRESA&claves=ID_INFRAESTRUCTURA&valores=2375
151,cantabrico occidental,barca,35.0,1,,,,,,,,asturias,principado asturias,,,,
155,guadalquivir,carpio,20.0,1,,,,,,,,cordoba,andalucia,,,,
156,guadalquivir,dona aldonza,23.0,1,,,,,,,,jaen,andalucia,,,,
157,guadalquivir,fresneda,19.0,0,38.558512121,-3.62973097799994,guadalquivir,rio  jandula o fresneda o jorge,,,,ciudad real,castilla   mancha,presa fabrica arco gravedad,719.549999999999,37.5499999999999,https://sig.mapama.gob.es/WebServices/clientews/snczi/Default.aspx?nombre=EGISPE_PRESA&claves=ID_INFRAESTRUCTURA&valores=1420
159,guadalquivir,guadalmena,347.0,0,38.3634923170001,-2.91397881899996,guadalquivir,rio  guadalmena,https://www.google.com/search?kgmid=/g/11gbf4ybkn,https://www.openstreetmap.org/relation/6027280,https://www.wikidata.org/wiki/Q39163065,jaen,andalucia,presa fabrica gravedad (hormigon vibrado),956.299999999999,,https://sig.mapama.gob.es/WebServices/clientews/snczi/Default.aspx?nombre=EGISPE_PRESA&claves=ID_INFRAESTRUCTURA&valores=1582
160,guadalquivir,huesna,138.0,0,37.769635302,-5.68521394399994,guadalquivir,rivera huesna,,,,sevilla,andalucia,presa materiales sueltos pantalla asfaltica,143.8,,https://sig.mapama.gob.es/WebServices/clientews/snczi/Default.aspx?nombre=EGISPE_PRESA&claves=ID_INFRAESTRUCTURA&valores=1679
161,guadalquivir,marmolejo,13.0,1,,,,,,,,jaen,andalucia,,,,
162,guadalquivir,puente nuevo,286.0,0,38.08606718,-4.92546965099996,guadalquivir,rio  guadiato,,,https://www.wikidata.org/wiki/Q92358754,cordoba,andalucia,presa fabrica gravedad (hormigon vibrado),447.0,56.0,https://sig.mapama.gob.es/WebServices/clientews/snczi/Default.aspx?nombre=EGISPE_PRESA&claves=ID_INFRAESTRUCTURA&valores=1426
164,guadalquivir,siles,30.0,0,,,,,,,,jaen,andalucia,,,,
170,guadiana,boqueron,6.0,0,39.1511076260001,-6.41827824299997,guadiana,regato rosal,,,,badajoz,extremadura,presa fabrica gravedad (hormigon vibrado),360.649999999999,,https://sig.mapama.gob.es/WebServices/clientews/snczi/Default.aspx?nombre=EGISPE_PRESA&claves=ID_INFRAESTRUCTURA&valores=937
171,guadiana,chanza,386.0,0,37.5584664020001,-7.52075869499993,guadiana,rivera chanza,https://www.google.com/search?kgmid=/g/121jcccq,,https://www.wikidata.org/wiki/Q8775414,huelva,andalucia,presa fabrica gravedad (hormigon vibrado),10.34,,https://sig.mapama.gob.es/WebServices/clientews/snczi/Default.aspx?nombre=EGISPE_PRESA&claves=ID_INFRAESTRUCTURA&valores=1249
172,guadiana,montijo,11.0,0,38.9236610560001,-6.42868094199997,guadiana,rio guadiana,,,,badajoz,extremadura,presa fabrica gravedad (hormigon vibrado),360.649999999999,,https://sig.mapama.gob.es/WebServices/clientews/snczi/Default.aspx?nombre=EGISPE_PRESA&claves=ID_INFRAESTRUCTURA&valores=1027
173,guadiana,penarroya,51.0,0,39.0603072490001,-3.00679625799995,guadiana,rio guadiana,https://www.google.com/search?kgmid=/g/11fv3ymg__,,https://www.wikidata.org/wiki/Q97172835,ciudad real,castilla   mancha,presa fabrica gravedad (hormigon vibrado),719.549999999999,,https://sig.mapama.gob.es/WebServices/clientews/snczi/Default.aspx?nombre=EGISPE_PRESA&claves=ID_INFRAESTRUCTURA&valores=1106
177,mino   sil,campanana,14.0,1,42.498086748,-6.76967359799994,mino sil,arroyo balen,https://www.google.com/search?kgmid=/g/1203m01h4,,https://www.wikidata.org/wiki/Q5830421,leon,castilla y leon,presa fabrica gravedad (hormigon vibrado),528.35,50.0,https://sig.mapama.gob.es/WebServices/clientews/snczi/Default.aspx?nombre=EGISPE_PRESA&claves=ID_INFRAESTRUCTURA&valores=51
178,mino   sil,portas,536.0,1,42.1144376730001,-7.20922708099994,mino sil,rio camba,,,,orense,galicia,presa fabrica boveda,886.0,141.0,https://sig.mapama.gob.es/WebServices/clientews/snczi/Default.aspx?nombre=EGISPE_PRESA&claves=ID_INFRAESTRUCTURA&valores=129
181,duero,uzquiza,75.0,0,42.304453472,-3.36854357999994,duero,rio arlanzon,,,,burgos,castilla y leon,presa materiales sueltos homogenea,932.0,,https://sig.mapama.gob.es/WebServices/clientews/snczi/Default.aspx?nombre=EGISPE_PRESA&claves=ID_INFRAESTRUCTURA&valores=259
182,duero,vencias,5.0,1,,,,,,,,segovia,castilla y leon,,,,
183,tajo,caceres   guadiloba,20.0,0,,,,,,,,caceres,extremadura,,,,
184,tajo,jerte,59.0,0,40.060599917,-6.04259896399998,tajo,rio jerte,,,,caceres,extremadura,presa materiales sueltos zonificada o nucleo,372.5,42.5,https://sig.mapama.gob.es/WebServices/clientews/snczi/Default.aspx?nombre=EGISPE_PRESA&claves=ID_INFRAESTRUCTURA&valores=634
186,tajo,rivera gata,49.0,0,40.134844602,-6.63285012399996,tajo,rivera gata,,,,caceres,extremadura,presa materiales sueltos zonificada o nucleo,345.5,56.5,https://sig.mapama.gob.es/WebServices/clientews/snczi/Default.aspx?nombre=EGISPE_PRESA&claves=ID_INFRAESTRUCTURA&valores=546
187,tajo,vado,56.0,0,41.0034892630001,-3.30090199199998,tajo,rio jarama,https://www.google.com/search?kgmid=/g/121y9t2q,,https://www.wikidata.org/wiki/Q8775322,guadalajara,castilla   mancha,presa fabrica gravedad (hormigon vibrado),955.22,,https://sig.mapama.gob.es/WebServices/clientews/snczi/Default.aspx?nombre=EGISPE_PRESA&claves=ID_INFRAESTRUCTURA&valores=767
188,segura,puentes iv,26.0,0,37.7347336080001,-1.81922575299996,segura,rio guadalentin o sangonera,,,,murcia,region murcia,presa fabrica gravedad (hormigon vibrado),474.0,78.0,https://sig.mapama.gob.es/WebServices/clientews/snczi/Default.aspx?nombre=EGISPE_PRESA&claves=ID_INFRAESTRUCTURA&valores=2037
189,segura,fuensanta,210.0,0,38.3912491360001,-2.20834281199996,segura,rio segura,,,https://www.wikidata.org/wiki/Q104635833,albacete,castilla   mancha,presa fabrica gravedad (hormigon vibrado),601.399999999999,82.0,https://sig.mapama.gob.es/WebServices/clientews/snczi/Default.aspx?nombre=EGISPE_PRESA&claves=ID_INFRAESTRUCTURA&valores=2004
191,jucar,forata,37.0,0,39.340702734,-0.86476747599994,jucar,rio magro,https://www.google.com/search?kgmid=/g/1238s588,,https://www.wikidata.org/wiki/Q8775337,valencia,comunitat valenciana,presa fabrica gravedad (hormigon vibrado),389.199999999999,68.4,https://sig.mapama.gob.es/WebServices/clientews/snczi/Default.aspx?nombre=EGISPE_PRESA&claves=ID_INFRAESTRUCTURA&valores=2301
192,ebro,canelles,688.0,1,41.9785559910001,0.612325865000059,ebro,rio noguera ribagorcana,,,https://www.wikidata.org/wiki/Q1033116,huesca,aragon,presa fabrica boveda,508.0,151.0,https://sig.mapama.gob.es/WebServices/clientews/snczi/Default.aspx?nombre=EGISPE_PRESA&claves=ID_INFRAESTRUCTURA&valores=2438
194,ebro,eugui,21.0,0,42.9720260930001,-1.51442096399995,ebro,rio arga,https://www.google.com/search?kgmid=/g/11bvtzy7x_,,https://www.wikidata.org/wiki/Q12257397,navarra,comunidad foral navarra,presa fabrica gravedad (hormigon vibrado),630.0,51.0,https://sig.mapama.gob.es/WebServices/clientews/snczi/Default.aspx?nombre=EGISPE_PRESA&claves=ID_INFRAESTRUCTURA&valores=2726
195,ebro,oliana,101.0,0,42.092702178,1.29406967700004,ebro,riu segre,https://www.google.com/search?kgmid=/g/1215jgc5,,https://www.wikidata.org/wiki/Q18005390,lleida,cataluna,presa fabrica gravedad (hormigon vibrado),520.039999999999,102.0,https://sig.mapama.gob.es/WebServices/clientews/snczi/Default.aspx?nombre=EGISPE_PRESA&claves=ID_INFRAESTRUCTURA&valores=2594
196,ebro,montearagon,52.0,0,42.18258301,-0.361405771999955,ebro,rio flumen,https://www.google.com/search?kgmid=/g/11hfgklglc,,https://www.wikidata.org/wiki/Q91314392,huesca,aragon,presa fabrica arco gravedad,585.0,86.0,https://sig.mapama.gob.es/WebServices/clientews/snczi/Default.aspx?nombre=EGISPE_PRESA&claves=ID_INFRAESTRUCTURA&valores=2464
200,cantabrico occidental,rioseco,4.0,0,,,,,,,,asturias,principado asturias,,,,
203,guadalquivir,bolera,54.0,0,37.7622489710001,-2.90313354799997,guadalquivir,rio  guadalentin,,,,jaen,andalucia,presa fabrica gravedad (hormigon vibrado),956.299999999999,,https://sig.mapama.gob.es/WebServices/clientews/snczi/Default.aspx?nombre=EGISPE_PRESA&claves=ID_INFRAESTRUCTURA&valores=1538
204,guadalquivir,cubillas,21.0,0,37.274509489,-3.68317058099996,guadalquivir,rio  cubillas,,,https://www.wikidata.org/wiki/Q5369439,granada,andalucia,presa materiales sueltos homogenea,426.0,,https://sig.mapama.gob.es/WebServices/clientews/snczi/Default.aspx?nombre=EGISPE_PRESA&claves=ID_INFRAESTRUCTURA&valores=1515
205,guadalquivir,hornachuelos,18.0,0,,,,,,,,cordoba,andalucia,,,,
209,cuenca mediterranea andaluza,beznar,56.0,0,36.9152042690001,-3.54016190699997,cuencas mediterraneas andaluzas,rio izbor,,,https://www.wikidata.org/wiki/Q3374703,granada,andalucia,presa fabrica boveda,426.0,,https://sig.mapama.gob.es/WebServices/clientews/snczi/Default.aspx?nombre=EGISPE_PRESA&claves=ID_INFRAESTRUCTURA&valores=1950
212,guadalete barbate,zahara,223.0,0,36.855621898,-5.38972319099997,guadalete y barbate,rio guadalete,,,https://www.wikidata.org/wiki/Q5830591,cadiz,andalucia,presa materiales sueltos zonificada o nucleo,108.5,,https://sig.mapama.gob.es/WebServices/clientews/snczi/Default.aspx?nombre=EGISPE_PRESA&claves=ID_INFRAESTRUCTURA&valores=1336
215,guadiana,vicario,32.0,0,,,,,,,,ciudad real,castilla   mancha,,,,
216,guadiana,cubilar,10.0,0,39.237347379,-5.47071172699998,guadiana,rio cubilar,,,,caceres,extremadura,presa materiales sueltos homogenea,360.649999999999,,https://sig.mapama.gob.es/WebServices/clientews/snczi/Default.aspx?nombre=EGISPE_PRESA&claves=ID_INFRAESTRUCTURA&valores=1075
218,guadiana,llerena,9.0,0,,,,,,,,badajoz,extremadura,,,,
220,guadiana,pto  vallehermoso,7.0,0,,,,,,,,ciudad real,castilla   mancha,,,,
221,guadiana,villar rey,134.0,0,39.1519574230001,-6.86669007999996,guadiana,rio zapaton,,,,badajoz,extremadura,presa fabrica gravedad (hormigon vibrado),360.649999999999,,https://sig.mapama.gob.es/WebServices/clientews/snczi/Default.aspx?nombre=EGISPE_PRESA&claves=ID_INFRAESTRUCTURA&valores=963
222,ebro,valdepatao,6.0,0,,,,,,,,huesca,aragon,,,,
223,ebro,terroba,8.0,0,,,,,,,,la rioja,rioja,,,,
224,cantabrico oriental,san anton,5.0,0,43.277117956,-1.77374675199997,cantabrico oriental,rio endara,,,,navarra,comunidad foral navarra,presa materiales sueltos pantalla hormigon,247.0,56.7999999999999,https://sig.mapama.gob.es/WebServices/clientews/snczi/Default.aspx?nombre=EGISPE_PRESA&claves=ID_INFRAESTRUCTURA&valores=84
226,guadalquivir,aracena,129.0,0,37.9078896870001,-6.45184509099994,guadalquivir,rivera huelva,,,,huelva,andalucia,presa fabrica contrafuertes,143.8,,https://sig.mapama.gob.es/WebServices/clientews/snczi/Default.aspx?nombre=EGISPE_PRESA&claves=ID_INFRAESTRUCTURA&valores=1531
231,guadalquivir,montoro,105.0,0,,,,,,,,ciudad real,castilla   mancha,,,,
235,guadalquivir,retortillo,73.0,0,37.8413896820001,-5.34934339699993,guadalquivir,rio  retortillo,,,https://www.wikidata.org/wiki/Q5369454,sevilla,andalucia,presa fabrica gravedad (hormigon vibrado),97.5,,https://sig.mapama.gob.es/WebServices/clientews/snczi/Default.aspx?nombre=EGISPE_PRESA&claves=ID_INFRAESTRUCTURA&valores=1469
237,guadalquivir,torre aguila,66.0,0,37.042369367,-5.75897830099996,guadalquivir,arroyo  salado moron,,,,sevilla,andalucia,presa materiales sueltos zonificada o nucleo,10.34,,https://sig.mapama.gob.es/WebServices/clientews/snczi/Default.aspx?nombre=EGISPE_PRESA&claves=ID_INFRAESTRUCTURA&valores=1781
240,guadalete barbate,almodovar,6.0,0,36.1536149680001,-5.64973106899993,guadalete y barbate,rio almodovar,,,https://www.wikidata.org/wiki/Q5369429,cadiz,andalucia,presa fabrica gravedad (hormigon vibrado),107.2,40.0,https://sig.mapama.gob.es/WebServices/clientews/snczi/Default.aspx?nombre=EGISPE_PRESA&claves=ID_INFRAESTRUCTURA&valores=1364
241,cuenca mediterranea andaluza,limonero,25.0,0,36.758417373,-4.43246489999996,cuencas mediterraneas andaluzas,rio guadalmedina,,,,malaga,andalucia,presa materiales sueltos pantalla hormigon,426.0,,https://sig.mapama.gob.es/WebServices/clientews/snczi/Default.aspx?nombre=EGISPE_PRESA&claves=ID_INFRAESTRUCTURA&valores=1989
242,cuenca mediterranea andaluza,guadarranque,88.0,0,36.3087665890001,-5.46145982799993,cuencas mediterraneas andaluzas,rio guadarranque,,,https://www.wikidata.org/wiki/Q5369445,cadiz,andalucia,presa materiales sueltos zonificada o nucleo,107.2,,https://sig.mapama.gob.es/WebServices/clientews/snczi/Default.aspx?nombre=EGISPE_PRESA&claves=ID_INFRAESTRUCTURA&valores=1942
246,guadiana,tentudia,5.0,0,,,,,,,,badajoz,extremadura,,,,
247,mino   sil,belesar,655.0,1,42.6287771620001,-7.71239387399993,mino sil,rio mino,https://www.google.com/search?kgmid=/g/1214fx9h,,https://www.wikidata.org/wiki/Q3375700,lugo,galicia,presa fabrica boveda,332.0,132.0,https://sig.mapama.gob.es/WebServices/clientews/snczi/Default.aspx?nombre=EGISPE_PRESA&claves=ID_INFRAESTRUCTURA&valores=65
249,duero,almendra,2649.0,1,41.2714941880001,-6.32020866599993,duero,rio tormes,,https://www.openstreetmap.org/relation/1613295,https://www.wikidata.org/wiki/Q43561654,zamora,castilla y leon,presa fabrica boveda,805.799999999999,,https://sig.mapama.gob.es/WebServices/clientews/snczi/Default.aspx?nombre=EGISPE_PRESA&claves=ID_INFRAESTRUCTURA&valores=391
250,duero,cervera,11.0,0,42.8660505030001,-4.52768060999995,duero,rio rivera o ventanilla,,,,palencia,castilla y leon,presa fabrica mamposteria,840.0,,https://sig.mapama.gob.es/WebServices/clientews/snczi/Default.aspx?nombre=EGISPE_PRESA&claves=ID_INFRAESTRUCTURA&valores=352
251,duero,san jose,6.0,0,41.403921299,-5.27303186899996,duero,rio duero,,,,valladolid,castilla y leon,presa fabrica gravedad (hormigon vibrado),839.5,,https://sig.mapama.gob.es/WebServices/clientews/snczi/Default.aspx?nombre=EGISPE_PRESA&claves=ID_INFRAESTRUCTURA&valores=453
254,tajo,bolarque,31.0,1,40.363245856,-2.81868119299997,tajo,rio tajo,https://www.google.com/search?kgmid=/g/12283wdl,,https://www.wikidata.org/wiki/Q8775290,guadalajara,castilla   mancha,presa fabrica mamposteria,905.5,,https://sig.mapama.gob.es/WebServices/clientews/snczi/Default.aspx?nombre=EGISPE_PRESA&claves=ID_INFRAESTRUCTURA&valores=744
255,tajo,buendia,1705.0,0,40.3992227420001,-2.78382182099995,tajo,rio guadiela,https://www.google.com/search?kgmid=/g/1214fx9j,https://www.openstreetmap.org/relation/8383993,https://www.wikidata.org/wiki/Q8775297,cuenca,castilla   mancha,presa fabrica gravedad (hormigon vibrado),905.5,,https://sig.mapama.gob.es/WebServices/clientews/snczi/Default.aspx?nombre=EGISPE_PRESA&claves=ID_INFRAESTRUCTURA&valores=743
256,tajo,guijo granadilla,13.0,1,,,,,,,,caceres,extremadura,,,,
257,tajo,villar,23.0,0,40.9474491760001,-3.56294228099995,tajo,rio lozoya,https://www.google.com/search?kgmid=/g/121_4d1r,,https://www.wikidata.org/wiki/Q5830463,madrid,comunidad madrid,presa fabrica mamposteria,906.0,50.5,https://sig.mapama.gob.es/WebServices/clientews/snczi/Default.aspx?nombre=EGISPE_PRESA&claves=ID_INFRAESTRUCTURA&valores=817
258,tajo,valmayor,124.0,0,40.535345943,-4.04728874499995,tajo,arroyo batan o rio aulencia,https://www.google.com/search?kgmid=/g/120kt8jd,,https://www.wikidata.org/wiki/Q8775397,madrid,comunidad madrid,presa materiales sueltos pantalla asfaltica,834.0,60.0,https://sig.mapama.gob.es/WebServices/clientews/snczi/Default.aspx?nombre=EGISPE_PRESA&claves=ID_INFRAESTRUCTURA&valores=786
261,ebro,irabia,14.0,1,42.9849261200001,-1.15747190799993,ebro,rio irati,,,,navarra,comunidad foral navarra,presa fabrica mamposteria,592.0,,https://sig.mapama.gob.es/WebServices/clientews/snczi/Default.aspx?nombre=EGISPE_PRESA&claves=ID_INFRAESTRUCTURA&valores=2746
262,ebro,grado i,400.0,0,42.1511967980001,0.234452975000067,ebro,rio cinca,,,,huesca,aragon,presa fabrica gravedad (hormigon vibrado),453.0,130.0,https://sig.mapama.gob.es/WebServices/clientews/snczi/Default.aspx?nombre=EGISPE_PRESA&claves=ID_INFRAESTRUCTURA&valores=2493
264,ebro,monteagudo,10.0,0,,,,,,,,soria,castilla y leon,,,,
265,ebro,rialb,404.0,0,41.939892881,1.19279358700004,ebro,riu segre,,,,lleida,cataluna,presa fabrica gravedad (hormigon compactado),520.039999999999,,https://sig.mapama.gob.es/WebServices/clientews/snczi/Default.aspx?nombre=EGISPE_PRESA&claves=ID_INFRAESTRUCTURA&valores=2569
266,ebro,santa ana,237.0,0,41.8825060980001,0.580849584000021,ebro,rio noguera ribagorcana,,,,huesca,aragon,presa fabrica arco gravedad,380.3,99.5999999999999,https://sig.mapama.gob.es/WebServices/clientews/snczi/Default.aspx?nombre=EGISPE_PRESA&claves=ID_INFRAESTRUCTURA&valores=2491
267,ebro,san lorenzo,10.0,1,,,,,,,,las palmas,canarias,,,,
273,cantabrico occidental,arbon,41.0,1,43.4770926850001,-6.73016840999998,cantabrico occidental,rio navia,,,,asturias,principado asturias,presa materiales sueltos zonificada o nucleo,961.0,,https://sig.mapama.gob.es/WebServices/clientews/snczi/Default.aspx?nombre=EGISPE_PRESA&claves=ID_INFRAESTRUCTURA&valores=140
277,guadalquivir,derivacion retortillo,8.0,0,,,,,,,,cordoba,andalucia,,,,
283,guadalquivir,guillena,5.0,1,,,,,,,,sevilla,andalucia,,,,
285,guadalquivir,negratin,571.0,0,37.561163702,-2.95478834199997,guadalquivir,rio  guadiana menor,,,https://www.wikidata.org/wiki/Q3752128,granada,andalucia,presa mixta,956.299999999999,,https://sig.mapama.gob.es/WebServices/clientews/snczi/Default.aspx?nombre=EGISPE_PRESA&claves=ID_INFRAESTRUCTURA&valores=1510
286,guadalquivir,villafranca,6.0,0,,,,,,,,cordoba,andalucia,,,,
287,guadalquivir,viboras,19.0,0,37.639127269,-4.01175384999993,guadalquivir,rio  viboras,,,,jaen,andalucia,presa fabrica arco gravedad,369.0,,https://sig.mapama.gob.es/WebServices/clientews/snczi/Default.aspx?nombre=EGISPE_PRESA&claves=ID_INFRAESTRUCTURA&valores=1557
288,cuenca mediterranea andaluza,concepcion,62.0,0,36.535398366,-4.96075456799997,cuencas mediterraneas andaluzas,rio verde,,,,malaga,andalucia,presa fabrica gravedad (hormigon vibrado),107.2,,https://sig.mapama.gob.es/WebServices/clientews/snczi/Default.aspx?nombre=EGISPE_PRESA&claves=ID_INFRAESTRUCTURA&valores=1984
292,guadiana,alcollarin,52.0,0,,,,,,,,caceres,extremadura,,,,
296,guadiana,piedra aguda,16.0,0,38.68712586,-7.02207805699993,guadiana,rio olivenza,,,,badajoz,extremadura,presa fabrica gravedad (hormigon vibrado),360.649999999999,,https://sig.mapama.gob.es/WebServices/clientews/snczi/Default.aspx?nombre=EGISPE_PRESA&claves=ID_INFRAESTRUCTURA&valores=958
300,tinto. odiel y piedras,jarrama,43.0,0,37.667643459,-6.50982948899997,tinto  odiel y piedras,rivera jarrama,,,,huelva,andalucia,presa materiales sueltos zonificada o nucleo,143.8,,https://sig.mapama.gob.es/WebServices/clientews/snczi/Default.aspx?nombre=EGISPE_PRESA&claves=ID_INFRAESTRUCTURA&valores=1256
301,mino   sil,salas,87.0,1,41.9246563240001,-7.94313212699996,mino sil,rio salas,,,,orense,galicia,presa fabrica contrafuertes,835.5,50.0,https://sig.mapama.gob.es/WebServices/clientews/snczi/Default.aspx?nombre=EGISPE_PRESA&claves=ID_INFRAESTRUCTURA&valores=118
303,duero,puente porto,23.0,1,42.1158687330001,-6.83043827699993,duero,arroyo bajo castillon,,,,zamora,castilla y leon,presa fabrica contrafuertes,847.0,,https://sig.mapama.gob.es/WebServices/clientews/snczi/Default.aspx?nombre=EGISPE_PRESA&claves=ID_INFRAESTRUCTURA&valores=471
304,tajo,atazar,426.0,0,40.9119621410001,-3.47348717199998,tajo,rio lozoya,https://www.google.com/search?kgmid=/g/11bc6nxddz,,https://www.wikidata.org/wiki/Q513846,madrid,comunidad madrid,presa fabrica boveda,906.0,,https://sig.mapama.gob.es/WebServices/clientews/snczi/Default.aspx?nombre=EGISPE_PRESA&claves=ID_INFRAESTRUCTURA&valores=825
306,segura,alfonso xiii,22.0,0,38.2232084,-1.59952768299996,segura,rio quipar o rambla mullidar,,,,murcia,region murcia,presa fabrica mamposteria,414.6,,https://sig.mapama.gob.es/WebServices/clientews/snczi/Default.aspx?nombre=EGISPE_PRESA&claves=ID_INFRAESTRUCTURA&valores=2077
307,segura,crevillente,13.0,0,38.2573070890001,-0.791022540999961,segura,barranco bosch,,,,alicante,comunitat valenciana,presa materiales sueltos zonificada o nucleo,147.5,58.0,https://sig.mapama.gob.es/WebServices/clientews/snczi/Default.aspx?nombre=EGISPE_PRESA&claves=ID_INFRAESTRUCTURA&valores=2018
309,jucar,loriguilla,73.0,0,39.6655252350001,-0.91324766799994,jucar,rio turia o guadalaviar,https://www.google.com/search?kgmid=/g/120jr2sj,,https://www.wikidata.org/wiki/Q8775356,valencia,comunitat valenciana,presa fabrica gravedad (hormigon vibrado),322.5,78.67,https://sig.mapama.gob.es/WebServices/clientews/snczi/Default.aspx?nombre=EGISPE_PRESA&claves=ID_INFRAESTRUCTURA&valores=2308
311,ebro,baserca,22.0,1,42.578713312,0.758746737000024,ebro,rio noguera ribagorcana,https://www.google.com/search?kgmid=/g/12353cj_,https://www.openstreetmap.org/relation/7189805,https://www.wikidata.org/wiki/Q11940022,lleida,cataluna,presa fabrica boveda,1437.5,86.0,https://sig.mapama.gob.es/WebServices/clientews/snczi/Default.aspx?nombre=EGISPE_PRESA&claves=ID_INFRAESTRUCTURA&valores=2439
312,ebro,certescans,16.0,1,,,,,,,,lleida,cataluna,,,,
313,ebro,ibon ip,5.0,1,42.7228732190001,-0.462683542999969,ebro,barranco ip,,,https://www.wikidata.org/wiki/Q23999337,huesca,aragon,presa materiales sueltos zonificada o nucleo,2119.0,31.0,https://sig.mapama.gob.es/WebServices/clientews/snczi/Default.aspx?nombre=EGISPE_PRESA&claves=ID_INFRAESTRUCTURA&valores=2482
314,ebro,mar (lago),14.0,1,,,,,,,,leon,castilla y leon,,,,
316,galicia costa,sta uxia,18.0,1,,,,,,,,orense,galicia,,,,
318,cuencas internas cataluna,baells,115.0,0,42.121967372,1.87834263000002,cuencas internas cataluna,llobregat,,,,barcelona,cataluna,presa fabrica boveda,632.35,102.349999999999,https://sig.mapama.gob.es/WebServices/clientews/snczi/Default.aspx?nombre=EGISPE_PRESA&claves=ID_INFRAESTRUCTURA&valores=2891
319,cuencas internas pais vasco,ibai eder,11.0,0,43.1287549570001,-2.22691844199994,cantabrico oriental,urrestilla ibaia,,,,guipuzcoa,pais vasco,presa materiales sueltos pantalla hormigon,226.75,66.0,https://sig.mapama.gob.es/WebServices/clientews/snczi/Default.aspx?nombre=EGISPE_PRESA&claves=ID_INFRAESTRUCTURA&valores=3121
324,cuenca mediterranea andaluza,beninar,70.0,0,,,,,,,,almeria,andalucia,,,,
325,guadalquivir,vadomojon,163.0,0,37.6389097580001,-4.22658613199997,guadalquivir,rio  guadajoz,,,,jaen,andalucia,presa materiales sueltos zonificada o nucleo,369.0,75.0,https://sig.mapama.gob.es/WebServices/clientews/snczi/Default.aspx?nombre=EGISPE_PRESA&claves=ID_INFRAESTRUCTURA&valores=1424
326,cuenca mediterranea andaluza,charco redondo,82.0,0,36.2322004530001,-5.54416164299994,cuencas mediterraneas andaluzas,rio canas o palmones,,,https://www.wikidata.org/wiki/Q5830606,cadiz,andalucia,presa materiales sueltos zonificada o nucleo,107.2,,https://sig.mapama.gob.es/WebServices/clientews/snczi/Default.aspx?nombre=EGISPE_PRESA&claves=ID_INFRAESTRUCTURA&valores=1939
328,guadalete barbate,guadalcacin ii,800.0,0,36.6680511050001,-5.78680409799995,guadalete y barbate,rio majaceite,,,,cadiz,andalucia,presa materiales sueltos zonificada o nucleo,110.0,78.0,https://sig.mapama.gob.es/WebServices/clientews/snczi/Default.aspx?nombre=EGISPE_PRESA&claves=ID_INFRAESTRUCTURA&valores=1375
329,guadiana,cancho fresno,15.0,0,39.3931095610001,-5.39044150299998,guadiana,rio ruecas,,,,caceres,extremadura,presa fabrica gravedad (hormigon vibrado),308.8,,https://sig.mapama.gob.es/WebServices/clientews/snczi/Default.aspx?nombre=EGISPE_PRESA&claves=ID_INFRAESTRUCTURA&valores=1074
330,guadiana,castilseras,5.0,0,38.738908709,-4.80134611699998,guadiana,rio valdeazogues,,,,ciudad real,castilla   mancha,presa fabrica gravedad (hormigon vibrado),503.5,,https://sig.mapama.gob.es/WebServices/clientews/snczi/Default.aspx?nombre=EGISPE_PRESA&claves=ID_INFRAESTRUCTURA&valores=1105
333,guadiana,ruecas,44.0,0,39.267439745,-5.49598021299994,guadiana,rio ruecas,,,,caceres,extremadura,presa fabrica gravedad (hormigon vibrado),360.649999999999,,https://sig.mapama.gob.es/WebServices/clientews/snczi/Default.aspx?nombre=EGISPE_PRESA&claves=ID_INFRAESTRUCTURA&valores=1062
336,guadiana,sierra brava,233.0,0,39.1932626620001,-5.64510043299993,guadiana,arroyo pizarroso,,,,caceres,extremadura,presa fabrica gravedad (hormigon compactado),360.649999999999,,https://sig.mapama.gob.es/WebServices/clientews/snczi/Default.aspx?nombre=EGISPE_PRESA&claves=ID_INFRAESTRUCTURA&valores=1057
337,guadiana,villalba barros,106.0,0,,,,,,,,badajoz,extremadura,,,,
339,mino   sil,penarrubia,13.0,1,42.4564492920001,-6.81942030899995,mino sil,rio sil,https://www.google.com/search?kgmid=/g/1203lz94g,,https://www.wikidata.org/wiki/Q5830543,orense,galicia,presa fabrica gravedad (hormigon vibrado),397.42,35.7999999999999,https://sig.mapama.gob.es/WebServices/clientews/snczi/Default.aspx?nombre=EGISPE_PRESA&claves=ID_INFRAESTRUCTURA&valores=96
341,mino   sil,rozas,28.0,1,42.9069858300001,-6.35038478399997,mino sil,rio sil,,,,leon,castilla y leon,presa fabrica gravedad (hormigon vibrado),961.0,71.0,https://sig.mapama.gob.es/WebServices/clientews/snczi/Default.aspx?nombre=EGISPE_PRESA&claves=ID_INFRAESTRUCTURA&valores=50
342,duero,agavanzal  nª sª,36.0,1,,,,,,,,zamora,castilla y leon,,,,
343,duero,ponton alto,7.0,0,40.9150074830001,-4.03624107199994,duero,rio eresma,https://www.google.com/search?kgmid=/g/120wrl3k,,https://www.wikidata.org/wiki/Q5830615,segovia,castilla y leon,presa fabrica boveda,1104.5,48.0,https://sig.mapama.gob.es/WebServices/clientews/snczi/Default.aspx?nombre=EGISPE_PRESA&claves=ID_INFRAESTRUCTURA&valores=421
348,tajo,alcantara,3162.0,1,,,,,,,,caceres,extremadura,,,,
350,tajo,santillana,91.0,0,,,,,,,,madrid,comunidad madrid,,,,
351,tajo,san juan,148.0,0,40.373071902,-4.31198048099998,tajo,rio alberche,,,https://www.wikidata.org/wiki/Q5830564,madrid,comunidad madrid,presa fabrica gravedad (hormigon vibrado),583.0,78.0,https://sig.mapama.gob.es/WebServices/clientews/snczi/Default.aspx?nombre=EGISPE_PRESA&claves=ID_INFRAESTRUCTURA&valores=807
352,jucar,buseo,8.0,0,,,,,,,,valencia,comunitat valenciana,,,,
355,ebro,escarra,5.0,1,42.7450247100001,-0.352936039999975,ebro,rio escarra,,,https://www.wikidata.org/wiki/Q95675526,huesca,aragon,presa materiales sueltos zonificada o nucleo,1636.0,43.0,https://sig.mapama.gob.es/WebServices/clientews/snczi/Default.aspx?nombre=EGISPE_PRESA&claves=ID_INFRAESTRUCTURA&valores=2476
356,ebro,respomuso,18.0,1,42.8156272250001,-0.297330793999947,ebro,rio aguas limpias,https://www.google.com/search?kgmid=/g/121n92_p,,https://www.wikidata.org/wiki/Q3427764,huesca,aragon,presa fabrica contrafuertes,2123.0,77.0,https://sig.mapama.gob.es/WebServices/clientews/snczi/Default.aspx?nombre=EGISPE_PRESA&claves=ID_INFRAESTRUCTURA&valores=2505
357,ebro,sistema aguas limpias,18.0,1,,,,,,,,huesca,aragon,,,,
359,ebro,santolea,65.0,0,40.772565747,-0.31769404299996,ebro,rio guadalope,,,https://www.wikidata.org/wiki/Q23992526,teruel,aragon,presa fabrica gravedad (hormigon vibrado),584.35,50.5,https://sig.mapama.gob.es/WebServices/clientews/snczi/Default.aspx?nombre=EGISPE_PRESA&claves=ID_INFRAESTRUCTURA&valores=2802
360,ebro,urdiceto,5.0,1,,,,,,,,huesca,aragon,,,,
362,galicia costa,forcadas  as,11.0,0,,,,,,,,la coruna,galicia,,,,
367,guadalquivir,bembezar,347.0,0,37.8247225110001,-5.23720810199995,guadalquivir,rio  bembezar,,,https://www.wikidata.org/wiki/Q5830414,cordoba,andalucia,presa fabrica gravedad (hormigon vibrado),97.5,37.0,https://sig.mapama.gob.es/WebServices/clientews/snczi/Default.aspx?nombre=EGISPE_PRESA&claves=ID_INFRAESTRUCTURA&valores=1459
369,guadalquivir,cordobilla,34.0,0,37.3492563180001,-4.72116142999994,guadalquivir,rio  genil,,,,sevilla,andalucia,presa fabrica gravedad (hormigon vibrado),218.25,45.25,https://sig.mapama.gob.es/WebServices/clientews/snczi/Default.aspx?nombre=EGISPE_PRESA&claves=ID_INFRAESTRUCTURA&valores=1458
371,guadalquivir,jose toran,113.0,0,37.747910849,-5.48482468099996,guadalquivir,arroyo guadalbacar,,,,sevilla,andalucia,presa fabrica boveda,143.8,,https://sig.mapama.gob.es/WebServices/clientews/snczi/Default.aspx?nombre=EGISPE_PRESA&claves=ID_INFRAESTRUCTURA&valores=1682
374,guadiana,alange,880.0,0,38.7874608500001,-6.26830306899996,guadiana,rio matachel,https://www.google.com/search?kgmid=/g/1226m0st,,https://www.wikidata.org/wiki/Q3379753,badajoz,extremadura,presa fabrica gravedad (hormigon vibrado),360.649999999999,,https://sig.mapama.gob.es/WebServices/clientews/snczi/Default.aspx?nombre=EGISPE_PRESA&claves=ID_INFRAESTRUCTURA&valores=978
375,guadalete barbate,hurones,135.0,0,36.6613705560001,-5.56192533699993,guadalete y barbate,rio majaceite,,,https://www.wikidata.org/wiki/Q3374719,cadiz,andalucia,presa fabrica gravedad (hormigon vibrado),110.0,,https://sig.mapama.gob.es/WebServices/clientews/snczi/Default.aspx?nombre=EGISPE_PRESA&claves=ID_INFRAESTRUCTURA&valores=1340
376,guadiana,andevalo,634.0,0,37.6251957920001,-7.40050286999997,guadiana,rivera malagon,,,,huelva,andalucia,presa materiales sueltos zonificada o nucleo,10.34,,https://sig.mapama.gob.es/WebServices/clientews/snczi/Default.aspx?nombre=EGISPE_PRESA&claves=ID_INFRAESTRUCTURA&valores=1272
377,guadiana,garcia sola,554.0,0,39.144361067,-5.18441797299994,guadiana,rio guadiana,,,https://www.wikidata.org/wiki/Q8775340,badajoz,extremadura,presa fabrica gravedad (hormigon vibrado),503.5,,https://sig.mapama.gob.es/WebServices/clientews/snczi/Default.aspx?nombre=EGISPE_PRESA&claves=ID_INFRAESTRUCTURA&valores=989
381,guadiana,valuengo,20.0,0,38.301870679,-6.67658085999994,guadiana,rio ardila,,,,badajoz,extremadura,presa fabrica gravedad (hormigon vibrado),143.8,,https://sig.mapama.gob.es/WebServices/clientews/snczi/Default.aspx?nombre=EGISPE_PRESA&claves=ID_INFRAESTRUCTURA&valores=992
382,mino   sil,guistolas,5.0,1,,,,,,,,orense,galicia,,,,
383,mino   sil,san martino,10.0,1,,,,,,,,caceres,extremadura,,,,
384,mino   sil,santa eulalia,10.0,1,42.3483453630001,-7.06397987999998,mino sil,rio xares,,,,orense,galicia,presa fabrica boveda,528.0,73.0,https://sig.mapama.gob.es/WebServices/clientews/snczi/Default.aspx?nombre=EGISPE_PRESA&claves=ID_INFRAESTRUCTURA&valores=113
387,duero,villameca,20.0,0,42.648767698,-6.05942422599998,duero,rio tuerto,,,,leon,castilla y leon,presa fabrica gravedad (hormigon vibrado),1009.89999999999,6.6,https://sig.mapama.gob.es/WebServices/clientews/snczi/Default.aspx?nombre=EGISPE_PRESA&claves=ID_INFRAESTRUCTURA&valores=287
388,tajo,finisterre,133.0,0,39.649443492,-3.65015487999995,tajo,rio algodor,,,,toledo,castilla   mancha,presa materiales sueltos homogenea,689.879999999999,46.8999999999999,https://sig.mapama.gob.es/WebServices/clientews/snczi/Default.aspx?nombre=EGISPE_PRESA&claves=ID_INFRAESTRUCTURA&valores=878
389,tajo,pinilla,38.0,0,40.944954572,-3.77411887299996,tajo,rio lozoya,https://www.google.com/search?kgmid=/g/12333j1q,,https://www.wikidata.org/wiki/Q8775372,madrid,comunidad madrid,presa fabrica gravedad (hormigon vibrado),906.0,,https://sig.mapama.gob.es/WebServices/clientews/snczi/Default.aspx?nombre=EGISPE_PRESA&claves=ID_INFRAESTRUCTURA&valores=823
390,segura,santomera,26.0,0,38.0953790500001,-1.08850565499995,segura,rambla salada,https://www.google.com/search?kgmid=/g/1211r6xt,,https://www.wikidata.org/wiki/Q5476272,murcia,region murcia,presa fabrica gravedad (hormigon vibrado),110.54,,https://sig.mapama.gob.es/WebServices/clientews/snczi/Default.aspx?nombre=EGISPE_PRESA&claves=ID_INFRAESTRUCTURA&valores=2053
391,ebro,ciurana,12.0,0,41.2495806650001,0.913874355000075,ebro,riu siurana,https://www.google.com/search?kgmid=/g/1hb_f69pj,https://www.openstreetmap.org/relation/5581963,https://www.wikidata.org/wiki/Q3376614,tarragona,cataluna,presa fabrica gravedad (hormigon vibrado),489.139999999999,62.74,https://sig.mapama.gob.es/WebServices/clientews/snczi/Default.aspx?nombre=EGISPE_PRESA&claves=ID_INFRAESTRUCTURA&valores=2772
392,ebro,guiamets,10.0,0,41.098764213,0.751588232000074,ebro,riera les olles,,,,tarragona,cataluna,presa fabrica gravedad (hormigon vibrado),178.0,50.0,https://sig.mapama.gob.es/WebServices/clientews/snczi/Default.aspx?nombre=EGISPE_PRESA&claves=ID_INFRAESTRUCTURA&valores=2768
395,ebro,loteta (la),104.0,0,,,,,,,,zaragoza,aragon,,,,
396,ebro,pajares,36.0,0,42.0890324270001,-2.61013101999993,ebro,rio piqueras,https://www.google.com/search?kgmid=/g/122dlpn_,,https://www.wikidata.org/wiki/Q8775368,la rioja,rioja,presa materiales sueltos homogenea,1233.0,73.0,https://sig.mapama.gob.es/WebServices/clientews/snczi/Default.aspx?nombre=EGISPE_PRESA&claves=ID_INFRAESTRUCTURA&valores=2679
397,ebro,pena,15.0,0,42.3833827130001,-0.735549655999932,ebro,rio gallego,,,,huesca,aragon,presa fabrica mamposteria,541.0,61.0,https://sig.mapama.gob.es/WebServices/clientews/snczi/Default.aspx?nombre=EGISPE_PRESA&claves=ID_INFRAESTRUCTURA&valores=2458
398,ebro,vadiello,16.0,0,42.2412072050001,-0.278563394999935,ebro,rio guatizalema,,,,huesca,aragon,presa fabrica gravedad (hormigon vibrado),748.5,76.5,https://sig.mapama.gob.es/WebServices/clientews/snczi/Default.aspx?nombre=EGISPE_PRESA&claves=ID_INFRAESTRUCTURA&valores=2486
400,cantabrico occidental,cohilla,12.0,1,,,,,,,,cantabria,cantabria,,,,
401,cantabrico occidental,salime,266.0,1,,,,,,,,asturias,principado asturias,,,,
402,guadalquivir,bermejales,103.0,0,36.996064807,-3.89363361899996,guadalquivir,rio  cacin,,,https://www.wikidata.org/wiki/Q579709,granada,andalucia,presa fabrica gravedad (hormigon vibrado),426.0,,https://sig.mapama.gob.es/WebServices/clientews/snczi/Default.aspx?nombre=EGISPE_PRESA&claves=ID_INFRAESTRUCTURA&valores=1526
403,guadalquivir,brena ii,823.0,0,,,,,,,,cordoba,andalucia,,,,
404,guadalquivir,encinarejo,15.0,1,38.164548686,-3.99287874699996,guadalquivir,rio  jandula o fresneda o jorge,,,,jaen,andalucia,presa fabrica mamposteria,215.0,,https://sig.mapama.gob.es/WebServices/clientews/snczi/Default.aspx?nombre=EGISPE_PRESA&claves=ID_INFRAESTRUCTURA&valores=1586
405,guadalquivir,portillo,33.0,0,37.8040083020001,-2.78730105799997,guadalquivir,rio  castril,,,https://www.wikidata.org/wiki/Q11966988,granada,andalucia,presa materiales sueltos zonificada o nucleo,956.299999999999,,https://sig.mapama.gob.es/WebServices/clientews/snczi/Default.aspx?nombre=EGISPE_PRESA&claves=ID_INFRAESTRUCTURA&valores=1521
408,guadalquivir,giribaile,491.0,0,38.0911996560001,-3.51273384599995,guadalquivir,rio  guadalimar,,,,jaen,andalucia,presa materiales sueltos zonificada o nucleo,719.549999999999,,https://sig.mapama.gob.es/WebServices/clientews/snczi/Default.aspx?nombre=EGISPE_PRESA&claves=ID_INFRAESTRUCTURA&valores=1568
409,guadalquivir,jandula,325.0,0,38.2247732230001,-3.97405826899995,guadalquivir,rio  jandula o fresneda o jorge,https://www.google.com/search?kgmid=/g/11c1qcgpyc,,https://www.wikidata.org/wiki/Q23984862,jaen,andalucia,presa fabrica mamposteria,215.0,,https://sig.mapama.gob.es/WebServices/clientews/snczi/Default.aspx?nombre=EGISPE_PRESA&claves=ID_INFRAESTRUCTURA&valores=1575
413,guadalquivir,san clemente,120.0,0,37.8575319010001,-2.64936869299993,guadalquivir,rio  guardal,,,https://www.wikidata.org/wiki/Q3374037,granada,andalucia,presa materiales sueltos zonificada o nucleo,956.299999999999,,https://sig.mapama.gob.es/WebServices/clientews/snczi/Default.aspx?nombre=EGISPE_PRESA&claves=ID_INFRAESTRUCTURA&valores=1508
418,guadiana,brovales,7.0,0,38.345277652,-6.69588046499996,guadiana,arroyo brovales,,,,badajoz,extremadura,presa fabrica contrafuertes,143.8,,https://sig.mapama.gob.es/WebServices/clientews/snczi/Default.aspx?nombre=EGISPE_PRESA&claves=ID_INFRAESTRUCTURA&valores=974
425,guadiana,zujar,723.0,0,38.917254642,-5.47935710499996,guadiana,rio zujar,https://www.google.com/search?kgmid=/g/1234zqnk,,https://www.wikidata.org/wiki/Q8775426,badajoz,extremadura,presa fabrica gravedad (hormigon vibrado),503.5,,https://sig.mapama.gob.es/WebServices/clientews/snczi/Default.aspx?nombre=EGISPE_PRESA&claves=ID_INFRAESTRUCTURA&valores=945
426,mino   sil,barcena,341.0,0,42.577466988,-6.56029138499997,mino sil,rio sil,https://www.google.com/search?kgmid=/g/122914sy,,https://www.wikidata.org/wiki/Q5815472,leon,castilla y leon,presa fabrica gravedad (hormigon vibrado),625.0,109.0,https://sig.mapama.gob.es/WebServices/clientews/snczi/Default.aspx?nombre=EGISPE_PRESA&claves=ID_INFRAESTRUCTURA&valores=44
428,mino   sil,pias (san agustin),10.0,1,,,,,,,,orense,galicia,,,,
429,duero,arlanzon,23.0,0,42.263942951,-3.33957144699997,duero,rio arlanzon,https://www.google.com/search?kgmid=/g/120lwg9c,,https://www.wikidata.org/wiki/Q11681445,burgos,castilla y leon,presa fabrica gravedad (hormigon vibrado),932.0,,https://sig.mapama.gob.es/WebServices/clientews/snczi/Default.aspx?nombre=EGISPE_PRESA&claves=ID_INFRAESTRUCTURA&valores=256
430,duero,castro cogotas,59.0,0,40.7245279160001,-4.69718935299994,duero,rio adaja,,,,avila,castilla y leon,presa fabrica boveda,1088.09999999999,,https://sig.mapama.gob.es/WebServices/clientews/snczi/Default.aspx?nombre=EGISPE_PRESA&claves=ID_INFRAESTRUCTURA&valores=223
433,tajo,atance,35.0,0,41.075332577,-2.78506228099997,tajo,rio salado,https://www.google.com/search?kgmid=/g/1217c8pr,,https://www.wikidata.org/wiki/Q6429110,guadalajara,castilla   mancha,presa fabrica gravedad (hormigon compactado),803.0,,https://sig.mapama.gob.es/WebServices/clientews/snczi/Default.aspx?nombre=EGISPE_PRESA&claves=ID_INFRAESTRUCTURA&valores=753
434,tajo,molino chincha,6.0,1,,,,,,,,cuenca,castilla   mancha,,,,
435,tajo,picadas,15.0,0,40.3333175330001,-4.24917123099993,tajo,rio alberche,https://www.google.com/search?kgmid=/g/121vl666,,https://www.wikidata.org/wiki/Q5830546,madrid,comunidad madrid,presa fabrica gravedad (hormigon vibrado),519.5,58.5,https://sig.mapama.gob.es/WebServices/clientews/snczi/Default.aspx?nombre=EGISPE_PRESA&claves=ID_INFRAESTRUCTURA&valores=840
436,tajo,portina,5.0,0,39.996548874,-4.84137628499997,tajo,arroyo portina,,,https://www.wikidata.org/wiki/Q52673428,toledo,castilla   mancha,presa fabrica gravedad (hormigon vibrado),412.5,23.3,https://sig.mapama.gob.es/WebServices/clientews/snczi/Default.aspx?nombre=EGISPE_PRESA&claves=ID_INFRAESTRUCTURA&valores=861
437,segura,taibilla,10.0,0,38.192427536,-2.26193352199994,segura,rio taibilla,,,,albacete,castilla   mancha,presa materiales sueltos zonificada o nucleo,956.299999999999,39.0,https://sig.mapama.gob.es/WebServices/clientews/snczi/Default.aspx?nombre=EGISPE_PRESA&claves=ID_INFRAESTRUCTURA&valores=2006
439,ebro,lanuza,17.0,0,42.750213783,-0.314386454999976,ebro,rio gallego,https://www.google.com/search?kgmid=/g/1229dgd0,,https://www.wikidata.org/wiki/Q3377773,huesca,aragon,presa fabrica boveda,1286.59999999999,79.5999999999999,https://sig.mapama.gob.es/WebServices/clientews/snczi/Default.aspx?nombre=EGISPE_PRESA&claves=ID_INFRAESTRUCTURA&valores=2509
440,ebro,llauset,17.0,1,42.5809309520001,0.694450386000028,ebro,rio llauset,,,,huesca,aragon,presa fabrica boveda,2192.0,89.0,https://sig.mapama.gob.es/WebServices/clientews/snczi/Default.aspx?nombre=EGISPE_PRESA&claves=ID_INFRAESTRUCTURA&valores=2474
441,ebro,nagore,5.0,0,,,,,,,,navarra,comunidad foral navarra,,,,
443,ebro,mequinenza,1534.0,1,,,,,,,,zaragoza,aragon,,,,
444,cantabrico occidental,alsa   mediajo,33.0,1,,,,,,,,cantabria,cantabria,,,,
445,cantabrico oriental,anarbe,44.0,0,43.21230153,-1.87524544699994,cantabrico oriental,anarbe ibaia o enobietaku erreka,,,,guipuzcoa,pais vasco,presa fabrica arco gravedad,163.5,79.5,https://sig.mapama.gob.es/WebServices/clientews/snczi/Default.aspx?nombre=EGISPE_PRESA&claves=ID_INFRAESTRUCTURA&valores=78
447,ebro,yesa,470.0,0,42.615335069,-1.18301587299993,ebro,rio aragon,https://www.google.com/search?kgmid=/g/122blxj7,,https://www.wikidata.org/wiki/Q1345950,navarra,comunidad foral navarra,presa fabrica gravedad (hormigon vibrado),490.0,76.5,https://sig.mapama.gob.es/WebServices/clientews/snczi/Default.aspx?nombre=EGISPE_PRESA&claves=ID_INFRAESTRUCTURA&valores=2719
448,ebro,sistema valle aran,23.0,1,,,,,,,,huesca,aragon,,,,
449,cuencas internas pais vasco,urkulu,10.0,0,43.0225055220001,-2.47053633499996,cantabrico oriental,txaeta erreka,,,https://www.wikidata.org/wiki/Q12268686,guipuzcoa,pais vasco,presa materiales sueltos pantalla hormigon,336.0,54.0,https://sig.mapama.gob.es/WebServices/clientews/snczi/Default.aspx?nombre=EGISPE_PRESA&claves=ID_INFRAESTRUCTURA&valores=3120
451,cantabrico oriental,ibiur,8.0,0,,,,,,,,guipuzcoa,pais vasco,,,,
452,mino   sil,montefurado,11.0,1,42.390996026,-7.21834378999995,mino sil,rio bibei,,,,lugo,galicia,presa fabrica gravedad (hormigon vibrado),292.0,42.0,https://sig.mapama.gob.es/WebServices/clientews/snczi/Default.aspx?nombre=EGISPE_PRESA&claves=ID_INFRAESTRUCTURA&valores=70
453,duero,agueda,24.0,0,40.529781939,-6.48161367799997,duero,rio agueda,,,,salamanca,castilla y leon,presa fabrica gravedad (hormigon vibrado),662.12,37.6,https://sig.mapama.gob.es/WebServices/clientews/snczi/Default.aspx?nombre=EGISPE_PRESA&claves=ID_INFRAESTRUCTURA&valores=381
455,duero,cernadilla,255.0,1,42.0191548230001,-6.45932291799994,duero,rio tera,https://www.google.com/search?kgmid=/g/121bk69m,,https://www.wikidata.org/wiki/Q8775305,zamora,castilla y leon,presa fabrica gravedad (hormigon vibrado),397.42,,https://sig.mapama.gob.es/WebServices/clientews/snczi/Default.aspx?nombre=EGISPE_PRESA&claves=ID_INFRAESTRUCTURA&valores=470
458,tajo,azutan,113.0,1,39.7779346240001,-5.08911715899995,tajo,rio tajo,,,https://www.wikidata.org/wiki/Q81418400,toledo,castilla   mancha,presa fabrica contrafuertes,412.5,,https://sig.mapama.gob.es/WebServices/clientews/snczi/Default.aspx?nombre=EGISPE_PRESA&claves=ID_INFRAESTRUCTURA&valores=885
461,ebro,albina,6.0,0,,,,,,,,alava,pais vasco,,,,
462,ebro,bubal,64.0,0,42.68098159,-0.315761256999963,ebro,rio gallego,https://www.google.com/search?kgmid=/g/11bc5qdzzb,,https://www.wikidata.org/wiki/Q3377802,huesca,aragon,presa fabrica arco gravedad,1088.0,90.0,https://sig.mapama.gob.es/WebServices/clientews/snczi/Default.aspx?nombre=EGISPE_PRESA&claves=ID_INFRAESTRUCTURA&valores=2433
465,galicia costa,eume,123.0,1,43.4071984460001,-8.01105708299997,galicia costa,rio eume,,,,la coruna,galicia,presa fabrica boveda,321.0,103.0,https://sig.mapama.gob.es/WebServices/clientews/snczi/Default.aspx?nombre=EGISPE_PRESA&claves=ID_INFRAESTRUCTURA&valores=3084
467,cuencas internas cataluna,sant ponc,25.0,0,41.9629241380001,1.60560158600003,cuencas internas cataluna,riu cardener,,,,lleida,cataluna,presa fabrica gravedad (hormigon vibrado),531.5,59.5,https://sig.mapama.gob.es/WebServices/clientews/snczi/Default.aspx?nombre=EGISPE_PRESA&claves=ID_INFRAESTRUCTURA&valores=2911
468,ebro,terradets,33.0,1,,,,,,,,lleida,cataluna,,,,
471,guadalquivir,francisco abellan,58.0,0,37.3127246610001,-3.25361574599998,guadalquivir,rio  fardes,,,https://www.wikidata.org/wiki/Q5369442,granada,andalucia,presa materiales sueltos zonificada o nucleo,369.0,,https://sig.mapama.gob.es/WebServices/clientews/snczi/Default.aspx?nombre=EGISPE_PRESA&claves=ID_INFRAESTRUCTURA&valores=1525
474,guadalquivir,melonares,186.0,0,,,,,,,,sevilla,andalucia,,,,
475,guadalquivir,rumblar,140.0,0,38.1606132000001,-3.80533125699998,guadalquivir,rio  rumblar,https://www.google.com/search?kgmid=/g/11c5wlgnfs,https://www.openstreetmap.org/relation/1926892,https://www.wikidata.org/wiki/Q23979919,jaen,andalucia,presa fabrica gravedad (hormigon vibrado),719.549999999999,,https://sig.mapama.gob.es/WebServices/clientews/snczi/Default.aspx?nombre=EGISPE_PRESA&claves=ID_INFRAESTRUCTURA&valores=1558
476,guadalquivir,san rafael navallana,157.0,0,,,,,,,,cordoba,andalucia,,,,
478,cuenca mediterranea andaluza,conde guadalhorce,83.0,0,36.9333016160001,-4.80374890499996,cuencas mediterraneas andaluzas,rio turon,,,,malaga,andalucia,presa fabrica mamposteria,250.0,,https://sig.mapama.gob.es/WebServices/clientews/snczi/Default.aspx?nombre=EGISPE_PRESA&claves=ID_INFRAESTRUCTURA&valores=1988
487,mino   sil,conchas,80.0,1,41.944252453,-8.03492920899993,mino sil,rio limia,,,,orense,galicia,presa fabrica gravedad (hormigon vibrado),551.0,48.0,https://sig.mapama.gob.es/WebServices/clientews/snczi/Default.aspx?nombre=EGISPE_PRESA&claves=ID_INFRAESTRUCTURA&valores=100
488,mino   sil,sequeiros,11.0,1,42.450804406,-7.25122124099994,mino sil,rio sil,,,,lugo,galicia,presa fabrica gravedad (hormigon vibrado),257.1,22.1999999999999,https://sig.mapama.gob.es/WebServices/clientews/snczi/Default.aspx?nombre=EGISPE_PRESA&claves=ID_INFRAESTRUCTURA&valores=66
489,duero,barrios luna,308.0,0,42.8497176120001,-5.86372470099997,duero,rio luna,https://www.google.com/search?kgmid=/g/122rd45b,,https://www.wikidata.org/wiki/Q3373938,leon,castilla y leon,presa fabrica gravedad (hormigon vibrado),1009.89999999999,,https://sig.mapama.gob.es/WebServices/clientews/snczi/Default.aspx?nombre=EGISPE_PRESA&claves=ID_INFRAESTRUCTURA&valores=312
490,duero,rabanos,8.0,1,,,,,,,,soria,castilla y leon,,,,
492,tajo,palmaces,31.0,0,41.050474754,-2.93994336499998,tajo,rio canamares,https://www.google.com/search?kgmid=/g/121lswsr,,https://www.wikidata.org/wiki/Q5658823,guadalajara,castilla   mancha,presa fabrica gravedad (hormigon vibrado),955.22,,https://sig.mapama.gob.es/WebServices/clientews/snczi/Default.aspx?nombre=EGISPE_PRESA&claves=ID_INFRAESTRUCTURA&valores=763
493,tajo,rosarito,93.0,0,40.110346936,-5.32378188799993,tajo,rio tietar,https://www.google.com/search?kgmid=/g/1hl3g_mwq,,https://www.wikidata.org/wiki/Q10929672,avila,castilla y leon,presa fabrica gravedad (hormigon vibrado),308.8,37.5,https://sig.mapama.gob.es/WebServices/clientews/snczi/Default.aspx?nombre=EGISPE_PRESA&claves=ID_INFRAESTRUCTURA&valores=867
495,tajo,valdecanas,1446.0,1,39.7781074380001,-5.61185123699994,tajo,rio tajo,https://www.google.com/search?kgmid=/g/123196vv,https://www.openstreetmap.org/relation/65527,https://www.wikidata.org/wiki/Q3379578,caceres,extremadura,presa fabrica boveda,308.8,,https://sig.mapama.gob.es/WebServices/clientews/snczi/Default.aspx?nombre=EGISPE_PRESA&claves=ID_INFRAESTRUCTURA&valores=541
497,segura,camarillas,37.0,0,38.3399580770001,-1.64879497099997,segura,rio mundo,,,https://www.wikidata.org/wiki/Q30908875,albacete,castilla   mancha,presa fabrica gravedad (hormigon vibrado),357.36,43.5,https://sig.mapama.gob.es/WebServices/clientews/snczi/Default.aspx?nombre=EGISPE_PRESA&claves=ID_INFRAESTRUCTURA&valores=2005
498,segura,cierva,7.0,0,38.0602631900001,-1.48765333199998,segura,rio mula,,,https://www.wikidata.org/wiki/Q107738426,murcia,region murcia,presa fabrica mamposteria,414.6,,https://sig.mapama.gob.es/WebServices/clientews/snczi/Default.aspx?nombre=EGISPE_PRESA&claves=ID_INFRAESTRUCTURA&valores=2057
499,segura,argos,11.0,0,38.1723978200001,-1.73353032399996,segura,rio argos,https://www.google.com/search?kgmid=/g/1220l8n2,,https://www.wikidata.org/wiki/Q5830602,murcia,region murcia,presa materiales sueltos zonificada o nucleo,414.6,36.5,https://sig.mapama.gob.es/WebServices/clientews/snczi/Default.aspx?nombre=EGISPE_PRESA&claves=ID_INFRAESTRUCTURA&valores=2046
502,ebro,lago negro,6.0,1,42.5422861970001,1.04058219400002,ebro,barranc lora,,,,lleida,cataluna,presa materiales sueltos zonificada o nucleo,2340.0,11.0,https://sig.mapama.gob.es/WebServices/clientews/snczi/Default.aspx?nombre=EGISPE_PRESA&claves=ID_INFRAESTRUCTURA&valores=2564
503,ebro,san bartolome,6.0,0,,,,,,,,zaragoza,aragon,,,,
506,ebro,sistema alto caldares,18.0,1,,,,,,,,huesca,aragon,,,,
508,ebro,sobron,20.0,1,42.767126621,-3.10021329299997,ebro,rio ebro,,,,alava,pais vasco,presa fabrica gravedad (hormigon vibrado),512.799999999999,39.2999999999999,https://sig.mapama.gob.es/WebServices/clientews/snczi/Default.aspx?nombre=EGISPE_PRESA&claves=ID_INFRAESTRUCTURA&valores=2400
509,cantabrico occidental,alfilorios,9.0,0,,,,,,,,asturias,principado asturias,,,,
512,guadalquivir,martin gonzalo,20.0,0,,,,,,,,cordoba,andalucia,,,,
513,guadalquivir,pintado,215.0,0,37.9842195160001,-5.95427318399993,guadalquivir,rio  viar,,,,sevilla,andalucia,presa fabrica gravedad (hormigon vibrado),143.8,,https://sig.mapama.gob.es/WebServices/clientews/snczi/Default.aspx?nombre=EGISPE_PRESA&claves=ID_INFRAESTRUCTURA&valores=1749
514,guadalquivir,quiebrajano,33.0,0,37.6330053230001,-3.72850877899998,guadalquivir,rio  quiebrajano,,,,jaen,andalucia,presa fabrica boveda,369.0,,https://sig.mapama.gob.es/WebServices/clientews/snczi/Default.aspx?nombre=EGISPE_PRESA&claves=ID_INFRAESTRUCTURA&valores=1565
518,guadalquivir,tranco beas,506.0,0,38.1742016740001,-2.79602526599996,guadalquivir,rio  guadalquivir,,,,jaen,andalucia,presa fabrica gravedad (hormigon vibrado),956.299999999999,,https://sig.mapama.gob.es/WebServices/clientews/snczi/Default.aspx?nombre=EGISPE_PRESA&claves=ID_INFRAESTRUCTURA&valores=1541
522,guadiana,vega jabalon,34.0,0,38.7610742730001,-3.78659975599993,guadiana,rio jabalon,,,,ciudad real,castilla   mancha,presa materiales sueltos zonificada o nucleo,719.549999999999,,https://sig.mapama.gob.es/WebServices/clientews/snczi/Default.aspx?nombre=EGISPE_PRESA&claves=ID_INFRAESTRUCTURA&valores=1134
523,tinto. odiel y piedras,corumbel bajo,19.0,0,37.449084574,-6.57274195299993,tinto  odiel y piedras,rio corumbel,,,,huelva,andalucia,presa materiales sueltos pantalla hormigon,10.34,,https://sig.mapama.gob.es/WebServices/clientews/snczi/Default.aspx?nombre=EGISPE_PRESA&claves=ID_INFRAESTRUCTURA&valores=1285
524,tinto. odiel y piedras,machos,12.0,0,37.314011421,-7.20394871099995,tinto  odiel y piedras,rio piedras,,,,huelva,andalucia,presa materiales sueltos pantalla hormigon,10.34,,https://sig.mapama.gob.es/WebServices/clientews/snczi/Default.aspx?nombre=EGISPE_PRESA&claves=ID_INFRAESTRUCTURA&valores=1264
525,tinto. odiel y piedras,olivargas,29.0,0,,,,,,,,huelva,andalucia,,,,
528,duero,casares arbas,37.0,0,42.92752926,-5.75913376799997,duero,rio casares,,,,leon,castilla y leon,presa fabrica arco gravedad,1149.75999999999,,https://sig.mapama.gob.es/WebServices/clientews/snczi/Default.aspx?nombre=EGISPE_PRESA&claves=ID_INFRAESTRUCTURA&valores=293
529,duero,serones,6.0,0,40.6897420190001,-4.47398559699997,duero,rio voltoya,,,,avila,castilla y leon,presa fabrica gravedad (hormigon vibrado),1088.09999999999,,https://sig.mapama.gob.es/WebServices/clientews/snczi/Default.aspx?nombre=EGISPE_PRESA&claves=ID_INFRAESTRUCTURA&valores=210
530,tajo,acena,24.0,0,40.6125237900001,-4.22148248499997,tajo,rio acena,https://www.google.com/search?kgmid=/g/121_zmv_,https://www.openstreetmap.org/relation/1407214,https://www.wikidata.org/wiki/Q11681441,avila,castilla y leon,presa fabrica arco gravedad,1088.0,,https://sig.mapama.gob.es/WebServices/clientews/snczi/Default.aspx?nombre=EGISPE_PRESA&claves=ID_INFRAESTRUCTURA&valores=500
532,tajo,belena,53.0,0,40.9338651420001,-3.19600748099998,tajo,rio sorbe,,,,guadalajara,castilla   mancha,presa materiales sueltos zonificada o nucleo,906.0,,https://sig.mapama.gob.es/WebServices/clientews/snczi/Default.aspx?nombre=EGISPE_PRESA&claves=ID_INFRAESTRUCTURA&valores=747
533,tajo,castro,8.0,0,39.8064449990001,-3.75294972199993,tajo,rio algodor,,,,toledo,castilla   mancha,presa fabrica gravedad (hormigon vibrado),689.879999999999,,https://sig.mapama.gob.es/WebServices/clientews/snczi/Default.aspx?nombre=EGISPE_PRESA&claves=ID_INFRAESTRUCTURA&valores=900
534,tajo,navamuno,14.0,0,40.347880305,-5.77448415699996,tajo,rio banos,https://www.google.com/search?kgmid=/g/122gflb1,,https://www.wikidata.org/wiki/Q5830534,salamanca,castilla y leon,presa materiales sueltos pantalla hormigon,886.899999999999,,https://sig.mapama.gob.es/WebServices/clientews/snczi/Default.aspx?nombre=EGISPE_PRESA&claves=ID_INFRAESTRUCTURA&valores=851
536,tajo,vellon (pedrezuela),41.0,0,,,,,,,,madrid,comunidad madrid,,,,
539,segura,valdeinfierno,14.0,0,37.8054910990001,-1.96467018699997,segura,rio luchena,https://www.google.com/search?kgmid=/g/1228rq7r,https://www.openstreetmap.org/relation/1450307,https://www.wikidata.org/wiki/Q5490023,murcia,region murcia,presa fabrica arco gravedad,476.0,,https://sig.mapama.gob.es/WebServices/clientews/snczi/Default.aspx?nombre=EGISPE_PRESA&claves=ID_INFRAESTRUCTURA&valores=2073
540,jucar,benageber,228.0,0,,,,,,,,valencia,comunitat valenciana,,,,
541,jucar,beniarres,30.0,0,38.8149169910001,-0.356155444999956,jucar,rio serpis,,,,alicante,comunitat valenciana,presa fabrica gravedad (hormigon vibrado),320.649999999999,53.0,https://sig.mapama.gob.es/WebServices/clientews/snczi/Default.aspx?nombre=EGISPE_PRESA&claves=ID_INFRAESTRUCTURA&valores=2191
542,jucar,naranjero,29.0,0,,,,,,,,valencia,comunitat valenciana,,,,
544,jucar,muela,29.0,1,,,,,,,,valencia,comunitat valenciana,,,,
545,jucar,toba,11.0,1,40.2100666220001,-1.92215366299996,jucar,rio jucar,,,https://www.wikidata.org/wiki/Q23995855,cuenca,castilla   mancha,presa fabrica mamposteria,1156.34999999999,40.0,https://sig.mapama.gob.es/WebServices/clientews/snczi/Default.aspx?nombre=EGISPE_PRESA&claves=ID_INFRAESTRUCTURA&valores=2282
546,jucar,sichar,49.0,0,40.0100628180001,-0.231145701999935,jucar,riu mijares,,,,castellon,comunitat valenciana,presa fabrica gravedad (hormigon vibrado),167.5,58.0,https://sig.mapama.gob.es/WebServices/clientews/snczi/Default.aspx?nombre=EGISPE_PRESA&claves=ID_INFRAESTRUCTURA&valores=2258
547,jucar,maria cristina,20.0,0,40.0282904270001,-0.163969956999949,jucar,rambla viuda,https://www.google.com/search?kgmid=/g/120j37yv,,https://www.wikidata.org/wiki/Q5830527,castellon,comunitat valenciana,presa fabrica mamposteria,138.219999999999,56.5,https://sig.mapama.gob.es/WebServices/clientews/snczi/Default.aspx?nombre=EGISPE_PRESA&claves=ID_INFRAESTRUCTURA&valores=2261
548,ebro,bramatuero alto,5.0,1,,,,,,,,huesca,aragon,,,,
549,ebro,escales,152.0,1,42.326356092,0.744016995000038,ebro,rio noguera ribagorcana,https://www.google.com/search?kgmid=/g/121bwl92,,https://www.wikidata.org/wiki/Q2843621,huesca,aragon,presa fabrica gravedad (hormigon vibrado),823.5,125.0,https://sig.mapama.gob.es/WebServices/clientews/snczi/Default.aspx?nombre=EGISPE_PRESA&claves=ID_INFRAESTRUCTURA&valores=2479
550,ebro,enciso,46.0,1,,,,,,,,la rioja,rioja,,,,
551,ebro,itoiz,417.0,0,42.802482335,-1.36089896199996,ebro,rio irati,https://www.google.com/search?kgmid=/g/121qg1xt,https://www.openstreetmap.org/relation/34330854,https://www.wikidata.org/wiki/Q3380147,navarra,comunidad foral navarra,presa fabrica gravedad (hormigon vibrado),592.0,122.0,https://sig.mapama.gob.es/WebServices/clientews/snczi/Default.aspx?nombre=EGISPE_PRESA&claves=ID_INFRAESTRUCTURA&valores=2741
552,galicia costa,fervenza,104.0,1,,,,,,,,la coruna,galicia,,,,
553,galicia costa,ribeira  a,33.0,1,,,,,,,,la coruna,galicia,,,,
554,cuencas internas cataluna,sau,169.0,0,41.967837526,2.41280096100007,cuencas internas cataluna,riu ter,,,https://www.wikidata.org/wiki/Q1140094,barcelona,cataluna,presa fabrica arco gravedad,426.5,83.0,https://sig.mapama.gob.es/WebServices/clientews/snczi/Default.aspx?nombre=EGISPE_PRESA&claves=ID_INFRAESTRUCTURA&valores=2888
555,galicia costa,riocobo,6.0,0,,,,,,,,lugo,galicia,,,,
556,ebro,val,24.0,0,41.8757919440001,-1.78697264699997,ebro,rio casa o val,,,https://www.wikidata.org/wiki/Q95570755,zaragoza,aragon,presa fabrica gravedad (hormigon compactado),629.149999999999,94.4,https://sig.mapama.gob.es/WebServices/clientews/snczi/Default.aspx?nombre=EGISPE_PRESA&claves=ID_INFRAESTRUCTURA&valores=2824
560,cantabrico occidental,tanes,38.0,0,43.220949729,-5.42776056999998,cantabrico occidental,rio nalon,,,,asturias,principado asturias,presa fabrica gravedad (hormigon vibrado),495.0,95.0,https://sig.mapama.gob.es/WebServices/clientews/snczi/Default.aspx?nombre=EGISPE_PRESA&claves=ID_INFRAESTRUCTURA&valores=149
562,guadalquivir,aguascebas,6.0,0,38.0435042350001,-2.95222543699992,guadalquivir,arroyo aguascebas chico,,,,jaen,andalucia,presa fabrica gravedad (hormigon vibrado),956.299999999999,,https://sig.mapama.gob.es/WebServices/clientews/snczi/Default.aspx?nombre=EGISPE_PRESA&claves=ID_INFRAESTRUCTURA&valores=1549
563,guadalquivir,cantillana,21.0,1,,,,,,,,sevilla,andalucia,,,,
564,guadalquivir,guadalen,168.0,0,38.1615276140001,-3.47795410699996,guadalquivir,rio  guadalen,https://www.google.com/search?kgmid=/g/11x9znn9f,,https://www.wikidata.org/wiki/Q94377393,jaen,andalucia,presa fabrica gravedad (hormigon vibrado),719.549999999999,,https://sig.mapama.gob.es/WebServices/clientews/snczi/Default.aspx?nombre=EGISPE_PRESA&claves=ID_INFRAESTRUCTURA&valores=1584
569,cuenca mediterranea andaluza,guadalteba,312.0,0,36.9401923770001,-4.80047539999993,cuencas mediterraneas andaluzas,rio guadalhorce,https://www.google.com/search?kgmid=/g/12215pz1,,https://www.wikidata.org/wiki/Q5830621,malaga,andalucia,presa materiales sueltos pantalla hormigon,250.0,,https://sig.mapama.gob.es/WebServices/clientews/snczi/Default.aspx?nombre=EGISPE_PRESA&claves=ID_INFRAESTRUCTURA&valores=1979
570,cuenca mediterranea andaluza,cuevas almanzora,168.0,0,37.3275930070001,-1.89673564999993,cuencas mediterraneas andaluzas,rio almanzora,,,,almeria,andalucia,presa materiales sueltos pantalla hormigon,474.0,,https://sig.mapama.gob.es/WebServices/clientews/snczi/Default.aspx?nombre=EGISPE_PRESA&claves=ID_INFRAESTRUCTURA&valores=1915
571,guadalete barbate,celemin,45.0,0,36.299322019,-5.77443215499994,guadalete y barbate,rio celemin,,,https://www.wikidata.org/wiki/Q5369436,cadiz,andalucia,presa materiales sueltos homogenea,107.2,,https://sig.mapama.gob.es/WebServices/clientews/snczi/Default.aspx?nombre=EGISPE_PRESA&claves=ID_INFRAESTRUCTURA&valores=1357
576,guadiana,gargaligas,21.0,0,39.1890571110001,-5.35996145499996,guadiana,rio gargaligas,,,,badajoz,extremadura,presa materiales sueltos homogenea,360.649999999999,,https://sig.mapama.gob.es/WebServices/clientews/snczi/Default.aspx?nombre=EGISPE_PRESA&claves=ID_INFRAESTRUCTURA&valores=988
577,guadiana,molinos matachel,34.0,0,38.5329287000001,-6.12167919199993,guadiana,rio matachel,,,,badajoz,extremadura,presa materiales sueltos zonificada o nucleo,503.5,,https://sig.mapama.gob.es/WebServices/clientews/snczi/Default.aspx?nombre=EGISPE_PRESA&claves=ID_INFRAESTRUCTURA&valores=1007
579,mino   sil,peares,182.0,1,42.4651371640001,-7.72374446699996,mino sil,rio mino,https://www.google.com/search?kgmid=/g/155svy9k,,https://www.wikidata.org/wiki/Q11986800,lugo,galicia,presa fabrica gravedad (hormigon vibrado),196.5,94.0,https://sig.mapama.gob.es/WebServices/clientews/snczi/Default.aspx?nombre=EGISPE_PRESA&claves=ID_INFRAESTRUCTURA&valores=63
580,mino   sil,san pedro,6.0,1,42.4527079760001,-7.71396403899996,mino sil,rio sil,https://www.google.com/search?kgmid=/g/11p4cqtf9c,,https://www.wikidata.org/wiki/Q105729417,lugo,galicia,presa fabrica gravedad (hormigon vibrado),196.5,,https://sig.mapama.gob.es/WebServices/clientews/snczi/Default.aspx?nombre=EGISPE_PRESA&claves=ID_INFRAESTRUCTURA&valores=119
584,duero,villalcampo,66.0,1,41.4911858350001,-6.08484394399994,duero,rio duero,,,https://www.wikidata.org/wiki/Q110295767,zamora,castilla y leon,presa fabrica gravedad (hormigon vibrado),805.799999999999,,https://sig.mapama.gob.es/WebServices/clientews/snczi/Default.aspx?nombre=EGISPE_PRESA&claves=ID_INFRAESTRUCTURA&valores=483
586,tajo,gabriel y galan,924.0,0,40.2212708710001,-6.13324221599993,tajo,rio alagon,https://www.google.com/search?kgmid=/g/1225qnqj,https://www.openstreetmap.org/relation/3828300,https://www.wikidata.org/wiki/Q3379742,caceres,extremadura,presa fabrica gravedad (hormigon vibrado),312.0,,https://sig.mapama.gob.es/WebServices/clientews/snczi/Default.aspx?nombre=EGISPE_PRESA&claves=ID_INFRAESTRUCTURA&valores=607
588,tajo,jarosa,7.0,0,40.6649699230001,-4.11756322999997,tajo,arroyo jarosa,,,https://www.wikidata.org/wiki/Q1329216,madrid,comunidad madrid,presa fabrica gravedad (hormigon vibrado),1088.0,54.0,https://sig.mapama.gob.es/WebServices/clientews/snczi/Default.aspx?nombre=EGISPE_PRESA&claves=ID_INFRAESTRUCTURA&valores=795
589,tajo,pardo,45.0,0,40.5387773260001,-3.78893109799998,tajo,rio manzanares,https://www.google.com/search?kgmid=/g/121rjkdh,,https://www.wikidata.org/wiki/Q5830456,madrid,comunidad madrid,presa materiales sueltos homogenea,632.0,35.0,https://sig.mapama.gob.es/WebServices/clientews/snczi/Default.aspx?nombre=EGISPE_PRESA&claves=ID_INFRAESTRUCTURA&valores=789
590,tajo,puentes viejas,53.0,0,40.9931510110001,-3.57146299099998,tajo,rio lozoya,https://www.google.com/search?kgmid=/g/1217c8ps,,https://www.wikidata.org/wiki/Q8775374,madrid,comunidad madrid,presa fabrica gravedad (hormigon vibrado),955.22,66.2199999999999,https://sig.mapama.gob.es/WebServices/clientews/snczi/Default.aspx?nombre=EGISPE_PRESA&claves=ID_INFRAESTRUCTURA&valores=808
591,tajo,torrejon (tajo   tietar),188.0,1,,,,,,,,caceres,extremadura,,,,
593,segura,algeciras  rambla,45.0,0,37.887515039,-1.38566705299996,segura,rambla algeciras,,,,murcia,region murcia,presa materiales sueltos homogenea,138.0,,https://sig.mapama.gob.es/WebServices/clientews/snczi/Default.aspx?nombre=EGISPE_PRESA&claves=ID_INFRAESTRUCTURA&valores=2071
596,jucar,arquillo san blas,22.0,0,40.3639950640001,-1.20489484199993,jucar,rio turia o guadalaviar,https://www.google.com/search?kgmid=/g/1211pdb5,https://www.openstreetmap.org/relation/7897124,https://www.wikidata.org/wiki/Q11681446,teruel,aragon,presa fabrica gravedad (hormigon vibrado),978.96,54.0,https://sig.mapama.gob.es/WebServices/clientews/snczi/Default.aspx?nombre=EGISPE_PRESA&claves=ID_INFRAESTRUCTURA&valores=2295
598,jucar,escalona,99.0,0,39.1285075870001,-0.698314119999964,jucar,rio cazunta,https://www.google.com/search?kgmid=/g/121zv9ty,,https://www.wikidata.org/wiki/Q8775334,valencia,comunitat valenciana,presa fabrica arco gravedad,190.0,78.0,https://sig.mapama.gob.es/WebServices/clientews/snczi/Default.aspx?nombre=EGISPE_PRESA&claves=ID_INFRAESTRUCTURA&valores=2323
600,ebro,alloz,84.0,0,42.70627432,-1.94249903099995,ebro,rio salado,,,,navarra,comunidad foral navarra,presa fabrica boveda,469.689999999999,66.7999999999999,https://sig.mapama.gob.es/WebServices/clientews/snczi/Default.aspx?nombre=EGISPE_PRESA&claves=ID_INFRAESTRUCTURA&valores=2722
601,ebro,caspe,82.0,0,41.2470170710001,-0.057856813999933,ebro,antiguo cauce rio guadalope,https://www.google.com/search?kgmid=/g/11ycydz0t,,https://www.wikidata.org/wiki/Q61861349,zaragoza,aragon,presa fabrica gravedad (hormigon vibrado),124.5,37.5,https://sig.mapama.gob.es/WebServices/clientews/snczi/Default.aspx?nombre=EGISPE_PRESA&claves=ID_INFRAESTRUCTURA&valores=2832
602,ebro,canon santolea,82.0,0,,,,,,,,teruel,aragon,,,,
603,ebro,saburo (lago),11.0,1,,,,,,,,lleida,cataluna,,,,
604,ebro,parras (las),5.0,0,,,,,,,,teruel,aragon,,,,
605,ebro,urrunaga,72.0,1,42.957875626,-2.65412456499996,ebro,santa engracia itsasadar,https://www.google.com/search?kgmid=/g/11cn8xwy6q,https://www.openstreetmap.org/relation/27568787,https://www.wikidata.org/wiki/Q20894837,alava,pais vasco,presa fabrica contrafuertes,548.0,31.0,https://sig.mapama.gob.es/WebServices/clientews/snczi/Default.aspx?nombre=EGISPE_PRESA&claves=ID_INFRAESTRUCTURA&valores=2379
606,cuencas internas cataluna,llosa cavall,80.0,0,42.099721345,1.58281131400003,cuencas internas cataluna,riu cardener,,,,lleida,cataluna,presa fabrica boveda,810.299999999999,122.299999999999,https://sig.mapama.gob.es/WebServices/clientews/snczi/Default.aspx?nombre=EGISPE_PRESA&claves=ID_INFRAESTRUCTURA&valores=2912
608,cuencas internas cataluna,catllar,59.0,0,,,,,,,,tarragona,cataluna,,,,
609,cuencas internas cataluna,foix,6.0,0,,,,,,,,tarragona,cataluna,,,,
610,ebro,sistema escarra,5.0,1,,,,,,,,huesca,aragon,,,,
611,ebro,torcas,7.0,0,41.294686266,-1.08744698599997,ebro,rio huerva,,,https://www.wikidata.org/wiki/Q23991169,zaragoza,aragon,presa fabrica gravedad (hormigon vibrado),624.799999999999,39.45,https://sig.mapama.gob.es/WebServices/clientews/snczi/Default.aspx?nombre=EGISPE_PRESA&claves=ID_INFRAESTRUCTURA&valores=2845
612,cantabrico occidental,doiras,119.0,1,43.385947786,-6.82525303699992,cantabrico occidental,rio navia,,,,asturias,principado asturias,presa fabrica arco gravedad,961.0,,https://sig.mapama.gob.es/WebServices/clientews/snczi/Default.aspx?nombre=EGISPE_PRESA&claves=ID_INFRAESTRUCTURA&valores=161
613,cantabrico occidental,somiedo (lagos),9.0,1,,,,,,,,asturias,principado asturias,,,,
615,guadalquivir,agrio,40.0,0,37.5322020510001,-6.28346466799997,guadalquivir,rio  crispinejo o agrio,,,,sevilla,andalucia,presa materiales sueltos pantalla asfaltica,143.8,,https://sig.mapama.gob.es/WebServices/clientews/snczi/Default.aspx?nombre=EGISPE_PRESA&claves=ID_INFRAESTRUCTURA&valores=1765
618,guadalquivir,iznajar,981.0,0,37.276152972,-4.38687256899993,guadalquivir,rio  genil,,,https://www.wikidata.org/wiki/Q5369447,cordoba,andalucia,presa fabrica gravedad (hormigon vibrado),426.0,121.599999999999,https://sig.mapama.gob.es/WebServices/clientews/snczi/Default.aspx?nombre=EGISPE_PRESA&claves=ID_INFRAESTRUCTURA&valores=1450
621,guadalquivir,zocueca,5.0,0,38.095561881,-3.83109787299998,guadalquivir,rio  rumblar,,,,jaen,andalucia,presa fabrica gravedad (hormigon vibrado),215.0,,https://sig.mapama.gob.es/WebServices/clientews/snczi/Default.aspx?nombre=EGISPE_PRESA&claves=ID_INFRAESTRUCTURA&valores=1543
623,guadalete barbate,arcos,14.0,0,36.7513393790001,-5.79558309999993,guadalete y barbate,rio guadalete,,,https://www.wikidata.org/wiki/Q17279790,cadiz,andalucia,presa fabrica gravedad (hormigon vibrado),108.5,,https://sig.mapama.gob.es/WebServices/clientews/snczi/Default.aspx?nombre=EGISPE_PRESA&claves=ID_INFRAESTRUCTURA&valores=1356
624,guadalete barbate,bornos,204.0,0,36.7905754980001,-5.76131138199997,guadalete y barbate,rio guadalete,,,https://www.wikidata.org/wiki/Q5369434,cadiz,andalucia,presa fabrica gravedad (hormigon vibrado),108.5,59.1,https://sig.mapama.gob.es/WebServices/clientews/snczi/Default.aspx?nombre=EGISPE_PRESA&claves=ID_INFRAESTRUCTURA&valores=1385
626,guadiana,horno tejero,24.0,0,39.1524666400001,-6.43288892199996,guadiana,rivera lacara,,,,badajoz,extremadura,presa materiales sueltos zonificada o nucleo,360.649999999999,,https://sig.mapama.gob.es/WebServices/clientews/snczi/Default.aspx?nombre=EGISPE_PRESA&claves=ID_INFRAESTRUCTURA&valores=996
627,guadiana,gasset,42.0,0,39.1285987630001,-3.93764624399995,guadiana,rio becea,,,,ciudad real,castilla   mancha,presa materiales sueltos zonificada o nucleo,689.879999999999,,https://sig.mapama.gob.es/WebServices/clientews/snczi/Default.aspx?nombre=EGISPE_PRESA&claves=ID_INFRAESTRUCTURA&valores=1127
628,guadiana,orellana,824.0,0,38.986024098,-5.53804342499996,guadiana,rio guadiana,https://www.google.com/search?kgmid=/g/121k355r,,https://www.wikidata.org/wiki/Q11681443,badajoz,extremadura,presa fabrica gravedad (hormigon vibrado),503.5,,https://sig.mapama.gob.es/WebServices/clientews/snczi/Default.aspx?nombre=EGISPE_PRESA&claves=ID_INFRAESTRUCTURA&valores=1020
630,guadiana,torre abraham,183.0,0,39.368362071,-4.25458640099993,guadiana,rio bullaque,https://www.google.com/search?kgmid=/g/12tb837zb,,https://www.wikidata.org/wiki/Q16561613,ciudad real,castilla   mancha,presa fabrica gravedad (hormigon vibrado),607.6,,https://sig.mapama.gob.es/WebServices/clientews/snczi/Default.aspx?nombre=EGISPE_PRESA&claves=ID_INFRAESTRUCTURA&valores=1102
631,mino   sil,matalavilla,65.0,1,42.8344463670001,-6.45355737699998,mino sil,arroyo valseco,,,,leon,castilla y leon,presa fabrica boveda,961.0,115.0,https://sig.mapama.gob.es/WebServices/clientews/snczi/Default.aspx?nombre=EGISPE_PRESA&claves=ID_INFRAESTRUCTURA&valores=56
632,mino   sil,prada,122.0,1,42.310674749,-7.04066238099995,mino sil,rio xares,,,,orense,galicia,presa fabrica contrafuertes,847.0,85.0,https://sig.mapama.gob.es/WebServices/clientews/snczi/Default.aspx?nombre=EGISPE_PRESA&claves=ID_INFRAESTRUCTURA&valores=123
638,duero,riano,664.0,0,42.933746397,-5.08475288599993,duero,rio esla,https://www.google.com/search?kgmid=/g/121g0xnw,https://www.openstreetmap.org/relation/254780,https://www.wikidata.org/wiki/Q8775382,leon,castilla y leon,presa fabrica boveda,495.0,,https://sig.mapama.gob.es/WebServices/clientews/snczi/Default.aspx?nombre=EGISPE_PRESA&claves=ID_INFRAESTRUCTURA&valores=288
639,duero,villagonzalo,6.0,0,40.8732344370001,-5.49557555299998,duero,rio tormes,https://www.google.com/search?kgmid=/g/122wtfys,,https://www.wikidata.org/wiki/Q5678462,salamanca,castilla y leon,presa fabrica gravedad (hormigon vibrado),805.799999999999,14.5,https://sig.mapama.gob.es/WebServices/clientews/snczi/Default.aspx?nombre=EGISPE_PRESA&claves=ID_INFRAESTRUCTURA&valores=393
640,duero,valparaiso,169.0,1,41.9931549560001,-6.27147818599997,duero,rio tera,,,,zamora,castilla y leon,presa fabrica gravedad (hormigon vibrado),397.42,,https://sig.mapama.gob.es/WebServices/clientews/snczi/Default.aspx?nombre=EGISPE_PRESA&claves=ID_INFRAESTRUCTURA&valores=477
641,tajo,alcorlo,180.0,0,41.008581625,-3.02478278699994,tajo,rio bornoba,https://www.google.com/search?kgmid=/g/1230_4n6,,https://www.wikidata.org/wiki/Q5830397,guadalajara,castilla   mancha,presa materiales sueltos zonificada o nucleo,906.0,,https://sig.mapama.gob.es/WebServices/clientews/snczi/Default.aspx?nombre=EGISPE_PRESA&claves=ID_INFRAESTRUCTURA&valores=768
644,tajo,navalcan,34.0,0,40.0482099480001,-5.14236058399996,tajo,rio guadyerbas,,,,toledo,castilla   mancha,presa fabrica gravedad (hormigon vibrado),308.8,,https://sig.mapama.gob.es/WebServices/clientews/snczi/Default.aspx?nombre=EGISPE_PRESA&claves=ID_INFRAESTRUCTURA&valores=864
645,tajo,tajera,70.0,0,40.839152359,-2.61773660099993,tajo,rio tajuna,https://www.google.com/search?kgmid=/g/120j8g1j,https://www.openstreetmap.org/relation/8530695,https://www.wikidata.org/wiki/Q5830511,guadalajara,castilla   mancha,presa fabrica boveda,905.5,,https://sig.mapama.gob.es/WebServices/clientews/snczi/Default.aspx?nombre=EGISPE_PRESA&claves=ID_INFRAESTRUCTURA&valores=766
646,jucar,alarcon,1118.0,0,39.5643548690001,-2.11225016699996,jucar,rio jucar,https://www.google.com/search?kgmid=/g/120z_bn_,,https://www.wikidata.org/wiki/Q3206248,cuenca,castilla   mancha,presa fabrica gravedad (hormigon vibrado),814.0,67.0,https://sig.mapama.gob.es/WebServices/clientews/snczi/Default.aspx?nombre=EGISPE_PRESA&claves=ID_INFRAESTRUCTURA&valores=2281
648,ebro,bachimana alto,7.0,0,42.782028102,-0.223491101999969,ebro,rio caldares,,,https://www.wikidata.org/wiki/Q95674644,huesca,aragon,presa fabrica mamposteria,2207.09999999999,38.1,https://sig.mapama.gob.es/WebServices/clientews/snczi/Default.aspx?nombre=EGISPE_PRESA&claves=ID_INFRAESTRUCTURA&valores=2427
649,ebro,alcaniz (estanca),7.0,0,,,,,,,,teruel,aragon,,,,
650,ebro,maidevera,21.0,0,41.5747146200001,-1.76034515199996,ebro,rio aranda,,,https://www.wikidata.org/wiki/Q94988427,zaragoza,aragon,presa materiales sueltos zonificada o nucleo,803.5,53.5,https://sig.mapama.gob.es/WebServices/clientews/snczi/Default.aspx?nombre=EGISPE_PRESA&claves=ID_INFRAESTRUCTURA&valores=2837
653,cuencas internas cataluna,susqueda,233.0,0,41.979226356,2.52687350900004,cuencas internas cataluna,riu ter,,,https://www.wikidata.org/wiki/Q7131953,girona,cataluna,presa fabrica boveda,357.0,135.0,https://sig.mapama.gob.es/WebServices/clientews/snczi/Default.aspx?nombre=EGISPE_PRESA&claves=ID_INFRAESTRUCTURA&valores=2908
654,galicia costa,barrie maza,31.0,1,42.8649691900001,-8.79707815799998,galicia costa,rio tambre,,,,la coruna,galicia,presa fabrica gravedad (hormigon vibrado),249.0,48.0,https://sig.mapama.gob.es/WebServices/clientews/snczi/Default.aspx?nombre=EGISPE_PRESA&claves=ID_INFRAESTRUCTURA&valores=3102
656,galicia costa,eiras,22.0,0,,,,,,,,pontevedra,galicia,,,,
657,ebro,tremp o talarn,227.0,1,,,,,,,,lleida,cataluna,,,,
658,guadalquivir,colomera,42.0,0,37.3996522370001,-3.72326104199993,guadalquivir,rio  colomera,,,https://www.wikidata.org/wiki/Q12164809,granada,andalucia,presa materiales sueltos zonificada o nucleo,369.0,,https://sig.mapama.gob.es/WebServices/clientews/snczi/Default.aspx?nombre=EGISPE_PRESA&claves=ID_INFRAESTRUCTURA&valores=1513
659,guadalquivir,gergal,36.0,0,37.5672733050001,-6.04905378099994,guadalquivir,rivera huelva,,,,sevilla,andalucia,presa fabrica arco gravedad,143.8,,https://sig.mapama.gob.es/WebServices/clientews/snczi/Default.aspx?nombre=EGISPE_PRESA&claves=ID_INFRAESTRUCTURA&valores=1678
660,guadalquivir,minilla,60.0,0,37.664790501,-6.18562063899998,guadalquivir,rivera huelva,,,,sevilla,andalucia,presa fabrica gravedad (hormigon vibrado),143.8,,https://sig.mapama.gob.es/WebServices/clientews/snczi/Default.aspx?nombre=EGISPE_PRESA&claves=ID_INFRAESTRUCTURA&valores=1728
665,guadalquivir,yeguas,229.0,0,38.067110868,-4.25109803499993,guadalquivir,rio yeguas,,,https://www.wikidata.org/wiki/Q5369460,cordoba,andalucia,presa materiales sueltos zonificada o nucleo,215.0,,https://sig.mapama.gob.es/WebServices/clientews/snczi/Default.aspx?nombre=EGISPE_PRESA&claves=ID_INFRAESTRUCTURA&valores=1465
669,guadiana,cornalbo,11.0,0,,,,,,,,badajoz,extremadura,,,,
670,guadiana,cijara,1505.0,0,39.373622884,-5.01612487499995,guadiana,rio guadiana,,,https://www.wikidata.org/wiki/Q23986950,caceres,extremadura,presa fabrica gravedad (hormigon vibrado),412.5,,https://sig.mapama.gob.es/WebServices/clientews/snczi/Default.aspx?nombre=EGISPE_PRESA&claves=ID_INFRAESTRUCTURA&valores=1065
672,guadiana,colada,58.0,0,,,,,,,,cordoba,andalucia,,,,
673,guadiana,nogales,18.0,0,38.563891508,-6.73651674799993,guadiana,rivera do nogales,https://www.google.com/search?kgmid=/g/12dpx021_,,https://www.wikidata.org/wiki/Q16561606,badajoz,extremadura,presa fabrica gravedad (hormigon vibrado),360.649999999999,,https://sig.mapama.gob.es/WebServices/clientews/snczi/Default.aspx?nombre=EGISPE_PRESA&claves=ID_INFRAESTRUCTURA&valores=993
674,guadiana,proserpina,5.0,0,,,,,,,,badajoz,extremadura,,,,
676,mino   sil,san sebastian,46.0,1,42.1443419570001,-6.94769548399995,mino sil,rio bibei,,,,orense,galicia,presa fabrica contrafuertes,847.0,,https://sig.mapama.gob.es/WebServices/clientews/snczi/Default.aspx?nombre=EGISPE_PRESA&claves=ID_INFRAESTRUCTURA&valores=206
677,duero,juan benet,318.0,0,42.9289238740001,-5.29306586099995,duero,rio porma,https://www.google.com/search?kgmid=/g/12233bph,https://www.openstreetmap.org/relation/2698318,https://www.wikidata.org/wiki/Q8775421,leon,castilla y leon,presa fabrica gravedad (hormigon vibrado),495.0,,https://sig.mapama.gob.es/WebServices/clientews/snczi/Default.aspx?nombre=EGISPE_PRESA&claves=ID_INFRAESTRUCTURA&valores=291
678,duero,saucelle,181.0,1,41.047128807,-6.80401964899994,duero,rio duero,,,https://www.wikidata.org/wiki/Q43560800,salamanca,castilla y leon,presa fabrica gravedad (hormigon vibrado),662.12,,https://sig.mapama.gob.es/WebServices/clientews/snczi/Default.aspx?nombre=EGISPE_PRESA&claves=ID_INFRAESTRUCTURA&valores=367
679,duero,santa teresa,496.0,0,40.666865961,-5.60128066699997,duero,rio tormes,https://www.google.com/search?kgmid=/g/120z6y1r,https://www.openstreetmap.org/relation/4473782,https://www.wikidata.org/wiki/Q5830568,salamanca,castilla y leon,presa fabrica gravedad (hormigon vibrado),887.2,60.0,https://sig.mapama.gob.es/WebServices/clientews/snczi/Default.aspx?nombre=EGISPE_PRESA&claves=ID_INFRAESTRUCTURA&valores=370
680,tajo,almoguera,7.0,1,40.2743056580001,-2.95882007899996,tajo,rio tajo,https://www.google.com/search?kgmid=/g/12283wdk,,https://www.wikidata.org/wiki/Q5672943,guadalajara,castilla   mancha,presa fabrica gravedad (hormigon vibrado),905.5,,https://sig.mapama.gob.es/WebServices/clientews/snczi/Default.aspx?nombre=EGISPE_PRESA&claves=ID_INFRAESTRUCTURA&valores=737
681,tajo,guajaraz,18.0,0,39.7999260600001,-4.08754612399997,tajo,arroyo guajaraz,,https://www.openstreetmap.org/relation/3374623,https://www.wikidata.org/wiki/Q26904323,toledo,castilla   mancha,presa materiales sueltos pantalla asfaltica,607.6,46.3999999999999,https://sig.mapama.gob.es/WebServices/clientews/snczi/Default.aspx?nombre=EGISPE_PRESA&claves=ID_INFRAESTRUCTURA&valores=871
683,segura,cenajo,472.0,0,38.3655522450001,-1.77603645999994,segura,rio segura,,,,murcia,region murcia,presa fabrica gravedad (hormigon vibrado),437.199999999999,102.2,https://sig.mapama.gob.es/WebServices/clientews/snczi/Default.aspx?nombre=EGISPE_PRESA&claves=ID_INFRAESTRUCTURA&valores=2012
685,jucar,tous,379.0,0,39.13201271,-0.651384200999928,jucar,rio jucar,,,,valencia,comunitat valenciana,presa materiales sueltos zonificada o nucleo,162.5,135.5,https://sig.mapama.gob.es/WebServices/clientews/snczi/Default.aspx?nombre=EGISPE_PRESA&claves=ID_INFRAESTRUCTURA&valores=2305
687,ebro,mediano,436.0,0,42.313617417,0.21073754300005,ebro,rio cinca,https://www.google.com/search?kgmid=/g/121bdb0g,https://www.openstreetmap.org/relation/7141904,https://www.wikidata.org/wiki/Q3215482,huesca,aragon,presa fabrica gravedad (hormigon vibrado),529.5,92.0,https://sig.mapama.gob.es/WebServices/clientews/snczi/Default.aspx?nombre=EGISPE_PRESA&claves=ID_INFRAESTRUCTURA&valores=2469
688,ebro,lechago,18.0,0,,,,,,,,teruel,aragon,,,,
690,ebro,ribarroja,210.0,1,41.2436146920001,0.432598110000072,ebro,rio ebro,https://www.google.com/search?kgmid=/g/121qmn_d,,https://www.wikidata.org/wiki/Q2050030,tarragona,cataluna,presa fabrica gravedad (hormigon vibrado),76.0,60.0,https://sig.mapama.gob.es/WebServices/clientews/snczi/Default.aspx?nombre=EGISPE_PRESA&claves=ID_INFRAESTRUCTURA&valores=2769
692,ebro,tort (lago),7.0,1,,,,,,,,cordoba,andalucia,,,,
693,guadalquivir,alcala rio,21.0,1,,,,,,,,sevilla,andalucia,,,,
695,guadalquivir,guadalmellato,162.0,0,38.0420292630001,-4.67345434199996,guadalquivir,rio  guadalmellato,,,https://www.wikidata.org/wiki/Q5369443,cordoba,andalucia,presa fabrica gravedad (hormigon vibrado),215.0,,https://sig.mapama.gob.es/WebServices/clientews/snczi/Default.aspx?nombre=EGISPE_PRESA&claves=ID_INFRAESTRUCTURA&valores=1460
704,cuenca mediterranea andaluza,casasola,23.0,0,36.80441203,-4.49571219199993,cuencas mediterraneas andaluzas,rio campanillas,https://www.google.com/search?kgmid=/g/120n2j5y,,https://www.wikidata.org/wiki/Q5830430,malaga,andalucia,presa fabrica arco gravedad,426.0,,https://sig.mapama.gob.es/WebServices/clientews/snczi/Default.aspx?nombre=EGISPE_PRESA&claves=ID_INFRAESTRUCTURA&valores=1967
714,tinto. odiel y piedras,odiel,8.0,0,,,,,,,,huelva,andalucia,,,,
715,mino   sil,bao,238.0,1,,,,,,,,orense,galicia,,,,
716,mino   sil,san  estevo,213.0,1,,,,,,,,caceres,extremadura,,,,
719,duero,compuerto,95.0,0,42.860854868,-4.82693537899996,duero,rio carrion,https://www.google.com/search?kgmid=/g/122z2cqz,,https://www.wikidata.org/wiki/Q8775311,palencia,castilla y leon,presa fabrica gravedad (hormigon vibrado),495.0,,https://sig.mapama.gob.es/WebServices/clientews/snczi/Default.aspx?nombre=EGISPE_PRESA&claves=ID_INFRAESTRUCTURA&valores=349
721,duero,requejada,66.0,0,42.9062072310001,-4.52945603999996,duero,rio pisuerga,https://www.google.com/search?kgmid=/g/122vx4f3,,https://www.wikidata.org/wiki/Q8775378,palencia,castilla y leon,presa fabrica gravedad (hormigon vibrado),840.0,,https://sig.mapama.gob.es/WebServices/clientews/snczi/Default.aspx?nombre=EGISPE_PRESA&claves=ID_INFRAESTRUCTURA&valores=342
722,tajo,borbollon,88.0,0,40.1253008750001,-6.57693620899994,tajo,rio arrago,,,,caceres,extremadura,presa fabrica gravedad (hormigon vibrado),315.05,35.0,https://sig.mapama.gob.es/WebServices/clientews/snczi/Default.aspx?nombre=EGISPE_PRESA&claves=ID_INFRAESTRUCTURA&valores=625
724,tajo,cazalegas,11.0,0,40.01298709,-4.70624804799996,tajo,rio alberche,https://www.google.com/search?kgmid=/g/11dfr4j268,,https://www.wikidata.org/wiki/Q30278314,toledo,castilla   mancha,presa materiales sueltos pantalla hormigon,412.5,,https://sig.mapama.gob.es/WebServices/clientews/snczi/Default.aspx?nombre=EGISPE_PRESA&claves=ID_INFRAESTRUCTURA&valores=902
725,tajo,castrejon,44.0,1,39.833565075,-4.29494820899993,tajo,rio tajo,,https://www.openstreetmap.org/relation/5824854,https://www.wikidata.org/wiki/Q19428713,toledo,castilla   mancha,presa materiales sueltos homogenea,607.6,,https://sig.mapama.gob.es/WebServices/clientews/snczi/Default.aspx?nombre=EGISPE_PRESA&claves=ID_INFRAESTRUCTURA&valores=888
727,tajo,cedillo,260.0,1,39.663782181,-7.53999733599994,tajo,rio tajo,,,https://www.wikidata.org/wiki/Q19429422,caceres,extremadura,presa fabrica arco gravedad,120.0,66.0,https://sig.mapama.gob.es/WebServices/clientews/snczi/Default.aspx?nombre=EGISPE_PRESA&claves=ID_INFRAESTRUCTURA&valores=650
729,tajo,riosequillo,50.0,0,40.9846013600001,-3.64825393599995,tajo,rio lozoya,https://www.google.com/search?kgmid=/g/12221s57,,https://www.wikidata.org/wiki/Q2834413,madrid,comunidad madrid,presa fabrica gravedad (hormigon vibrado),955.22,,https://sig.mapama.gob.es/WebServices/clientews/snczi/Default.aspx?nombre=EGISPE_PRESA&claves=ID_INFRAESTRUCTURA&valores=782
730,tajo,portaje,23.0,0,,,,,,,,caceres,extremadura,,,,
731,tajo,torcon,7.0,0,39.6252768730001,-4.38550029999993,tajo,arroyo torcon,,,,toledo,castilla   mancha,presa fabrica gravedad (hormigon vibrado),607.6,,https://sig.mapama.gob.es/WebServices/clientews/snczi/Default.aspx?nombre=EGISPE_PRESA&claves=ID_INFRAESTRUCTURA&valores=882
733,jucar,algar,6.0,0,39.787914266,-0.37682482699995,jucar,riu palancia,,,,valencia,comunitat valenciana,presa mixta,217.0,49.0,https://sig.mapama.gob.es/WebServices/clientews/snczi/Default.aspx?nombre=EGISPE_PRESA&claves=ID_INFRAESTRUCTURA&valores=2307
734,jucar,amadorio,16.0,0,38.5337220420001,-0.264786822999952,jucar,riu amadorio,,,,alicante,comunitat valenciana,presa fabrica gravedad (hormigon vibrado),320.649999999999,,https://sig.mapama.gob.es/WebServices/clientews/snczi/Default.aspx?nombre=EGISPE_PRESA&claves=ID_INFRAESTRUCTURA&valores=2183
735,jucar,bellus,69.0,0,38.939709044,-0.477464632999954,jucar,rio albaida,https://www.google.com/search?kgmid=/g/121rjw4w,,https://www.wikidata.org/wiki/Q5670515,valencia,comunitat valenciana,presa fabrica gravedad (hormigon vibrado),159.0,43.0,https://sig.mapama.gob.es/WebServices/clientews/snczi/Default.aspx?nombre=EGISPE_PRESA&claves=ID_INFRAESTRUCTURA&valores=2324
739,ebro,laverne,38.0,0,42.088537789,-1.09092152399995,ebro,vertiente por margen derecha barranco calcina,,,,zaragoza,aragon,presa materiales sueltos zonificada o nucleo,403.0,17.5,https://sig.mapama.gob.es/WebServices/clientews/snczi/Default.aspx?nombre=EGISPE_PRESA&claves=ID_INFRAESTRUCTURA&valores=2843
741,ebro,pena,19.0,0,42.3833827130001,-0.735549655999932,ebro,rio gallego,,,,huesca,aragon,presa fabrica mamposteria,541.0,61.0,https://sig.mapama.gob.es/WebServices/clientews/snczi/Default.aspx?nombre=EGISPE_PRESA&claves=ID_INFRAESTRUCTURA&valores=2458
743,ebro,santa maria belsue,14.0,0,42.30237966,-0.347295588999941,ebro,rio flumen,,,,huesca,aragon,presa fabrica mamposteria,896.399999999999,52.0,https://sig.mapama.gob.es/WebServices/clientews/snczi/Default.aspx?nombre=EGISPE_PRESA&claves=ID_INFRAESTRUCTURA&valores=2504
744,galicia costa,vilagudin,18.0,0,43.0945645850001,-8.49268471099998,galicia costa,rio paradela,,,,la coruna,galicia,presa materiales sueltos pantalla hormigon,284.5,33.0,https://sig.mapama.gob.es/WebServices/clientews/snczi/Default.aspx?nombre=EGISPE_PRESA&claves=ID_INFRAESTRUCTURA&valores=3090
